[{"model": "movies.genre", "pk": 12, "fields": {"name": "모험"}}, {"model": "movies.genre", "pk": 14, "fields": {"name": "판타지"}}, {"model": "movies.genre", "pk": 16, "fields": {"name": "애니메이션"}}, {"model": "movies.genre", "pk": 18, "fields": {"name": "드라마"}}, {"model": "movies.genre", "pk": 27, "fields": {"name": "공포"}}, {"model": "movies.genre", "pk": 28, "fields": {"name": "액션"}}, {"model": "movies.genre", "pk": 35, "fields": {"name": "코미디"}}, {"model": "movies.genre", "pk": 36, "fields": {"name": "역사"}}, {"model": "movies.genre", "pk": 37, "fields": {"name": "서부"}}, {"model": "movies.genre", "pk": 53, "fields": {"name": "스릴러"}}, {"model": "movies.genre", "pk": 80, "fields": {"name": "범죄"}}, {"model": "movies.genre", "pk": 99, "fields": {"name": "다큐멘터리"}}, {"model": "movies.genre", "pk": 878, "fields": {"name": "SF"}}, {"model": "movies.genre", "pk": 9648, "fields": {"name": "미스터리"}}, {"model": "movies.genre", "pk": 10402, "fields": {"name": "음악"}}, {"model": "movies.genre", "pk": 10749, "fields": {"name": "로맨스"}}, {"model": "movies.genre", "pk": 10751, "fields": {"name": "가족"}}, {"model": "movies.genre", "pk": 10752, "fields": {"name": "전쟁"}}, {"model": "movies.genre", "pk": 10770, "fields": {"name": "TV 영화"}}, {"model": "movies.movie", "pk": 114, "fields": {"title": "귀여운 여인", "overview": "에드워드는 망해가는 회사를 사들여 나누어서 비싸게 파는 일을 하는 부유하고도 냉정한 사업가다. 사업차 LA로 간 그는 그 곳에서 비비안이라는 매춘부를 만나 하룻밤을 지낸다. 그는 영화를 보면서 웃거나 목욕을 하며 노래를 부르는 그녀의 모습을 보고 한 주 동안 자신과 같이 지낼 것을 제안하고, 비비안은 에드워드와 중요한 자리에 참석하기 위해 완전히 딴 사람으로 변신한다. 함께 지내게 된 리차드와 비비안은 서로에게 호감을 느끼고, 에드워드는 비비안과 함께 잠시 일에서 벗어나 한가로운 시간을 보내며 회사를 나누어 팔기만 하는 자신의 일에 대해 다시 한번 생각하게 된다.", "vote_average": 7.4, "popularity": 214.609, "vote_count": 7130, "tagline": null, "backdrop_path": "/3tuWpnCTe14zZZPt6sI1W9ByOXx.jpg", "poster_path": "/6F41jUuKsZGDnrKsvfVtSNfWrgB.jpg", "release_date": "1990-03-23", "runtime": null, "genres": [35, 10749]}}, {"model": "movies.movie", "pk": 175, "fields": {"title": "그랑블루", "overview": "그리스 작은 마을의 자크(장-마크 바)는 어린 시절 아버지를 잠수 사고로 잃고 바다와 돌고래를 가족으로 여기며 외롭게 성장한다. 그런 그에게 유일한 마을 친구인 엔조(장 르노)는 잠수 실력을 겨루는 경쟁대상이자 단 한 명의 우정을 다지는 친구. 그렇게 자크는 유일한 안식처인 바다와 돌고래, 그리고 엔조와 성장해 간다. 오랜 시간이 흘러 프리다이빙 챔피언인 엔조의 초대로 재회하게 된 두 사람. 그리고 자크는 대회에 참가하면서 보험사 조사원 조안나(로잔나 아퀘트)와 일생에 단 한번일지 모르는 눈부신 사랑에 빠진다. 마침내 대회에서 자크가 승리하게 되고 엔조는 패배를 인정하면서도 무리한 잠수를 시도하다 결국 자연 앞에 인간의 한계를 넘어서고 죽음에 이르게 되는데…", "vote_average": 7.5, "popularity": 21.675, "vote_count": 1268, "tagline": null, "backdrop_path": "/2oum8FkgH1AiDWhmhEw8nbtoHdJ.jpg", "poster_path": "/63b8enDlpoU1bYcyVwBrDFotDAN.jpg", "release_date": "1988-05-10", "runtime": null, "genres": [12, 18, 10749]}}, {"model": "movies.movie", "pk": 238, "fields": {"title": "대부", "overview": "시실리에서 이민온 뒤, 정치권까지 영향력을 미치는 거물로 자리잡은 돈 꼴레오네는 갖가지 고민을 호소하는 사람들의 문제를 해결해주며 대부라 불리운다. 한편 솔로소라는 인물은 꼴레오네가와 라이벌인 탓타리아 패밀리와 손잡고 새로운 마약 사업을 제안한다. 돈 꼴레오네가 마약 사업에 참여하지 않기로 하자, 돈 꼴레오네를 저격해 그는 중상을 입고 사경을 헤매게 된다. 그 뒤, 돈 꼴레오네의 아들 소니는 조직력을 총 동원해 다른 패밀리들과 피를 부르는 전쟁을 시작하는데... 가족의 사업과 상관없이 대학에 진학한 뒤 인텔리로 지내왔던 막내 아들 마이클은 아버지가 총격을 당한 뒤, 아버지를 구하기 위해 위험천만한 협상 자리에 나선다.", "vote_average": 8.711, "popularity": 114.112, "vote_count": 17954, "tagline": "영화사상 최고의 걸작", "backdrop_path": "/tmU7GeKVybMWFButWEGl2M4GeiP.jpg", "poster_path": "/cOwVs8eYA4G9ZQs7hIRSoiZr46Q.jpg", "release_date": "1972-03-14", "runtime": "175", "genres": [18, 80]}}, {"model": "movies.movie", "pk": 8327, "fields": {"title": "홀리 마운틴", "overview": "예수를 닮은 한 사내. 이름 모를 기이하고도 그로테스크한 곳에 떨어졌다. 그는 벌거벗은 채로 난쟁이를 따라 얽히고 설킨 ‘세상’에 조금씩 눈을 뜨게 되고, 복잡한 세상을 정신없이 헤매던 그는 기묘한 여정에 들어서게 된다. 우선 사내는 우연히 신비의 지도자를 만나게 된다. 지도자를 통해 ‘연금술’의 능력을 배우면서 인정을 받게 된 그는 세상에서 가장 부유하고 영향력 있는 7명의 인물을 만난다. 이 7명의 인물들은 태양계의 행성들을 각각 수호하고 있다. 이후 예수를 닮은 사내와 지도자, 7명의 수행원들은 속세의 물건을 모두 버리고 신의 일을 대신하고 있는 불사의 현자들을 찾아 성스러운 산으로 길을 나선다.  그들이 성스러운 산을 오르기까지 과연 어떤 놀랄만한 사건들이 그들을 엄습해 올 것인가. 성스러운 산에 올라 깨달음을 얻기까지의 과정은 절대 쉽지 않다.", "vote_average": 7.6, "popularity": 16.087, "vote_count": 765, "tagline": null, "backdrop_path": "/oUceCsSe255ZKXCMsHhqXM1xuUp.jpg", "poster_path": "/c9zeOe1yr2aKHoKoyoEoTQp5Op9.jpg", "release_date": "1973-11-29", "runtime": null, "genres": [18]}}, {"model": "movies.movie", "pk": 10515, "fields": {"title": "천공의 성 라퓨타", "overview": "광산촌 슬랙 계곡의 기계 견습공인 고아 소년 파즈는 어느날 빛이 나는 목걸이를 한 채 하늘에서 떨어지던 소녀시타를 구해준다. 소녀는 대대로 전해져 오던 목걸이(비행석)로 인해 정부군과 해적 도라 일당들에게 쫓기고 있던 신세. 시타가 이들로부터 무사히 도망갈 수 있게 도와주던 중 파즈는 비행석과 하늘에 떠 있는 성 라퓨타가 실제로 존재한다는 사실을 알게 된다. 라퓨타의 존재를 믿고 있던 파즈는 시타와 함께 라퓨타를 찾기로 결심한다. 하지만 파즈와 시타는 그들을 쫓던 군대에게 잡히고, 시타는 정부 비밀 조사관인 무스카에게 파즈를 풀어주는 조건으로 협력을 약속하는데...", "vote_average": 8.0, "popularity": 42.372, "vote_count": 3565, "tagline": null, "backdrop_path": "/3cyjYtLWCBE1uvWINHFsFnE8LUK.jpg", "poster_path": "/6sOF31DzWgd9dTI1SEE76V2lCyx.jpg", "release_date": "1986-08-02", "runtime": null, "genres": [12, 14, 16, 28, 10749, 10751]}}, {"model": "movies.movie", "pk": 13041, "fields": {"title": "엘 토포", "overview": "총잡이인 엘 토포는 어린 아들과 함께 사막을 횡단하다, 산적들에 의해 온 주민이 몰살당한 마을에 당도한다. 산적 두목의 여인이었던 마라와 사랑에 빠진 엘 토포는 그녀의 요구대로 사막의 총잡이들과 차례로 승부를 벌인다. 그러나 승부 도중 부상을 당한 엘 토포는 사막에 버려진다. 혼수상태에 빠진 그의 몸은 깊은 동굴로 옮겨지고, 오랜 시간이 지난 다음 깨어난다. 그곳에서 만난 난쟁이 여인과 함께 다시 마을에 나간 엘 토포는 수도승이 된 아들과 조우하고, 그들의 운명은 비극으로 치달아가는데...", "vote_average": 7.1, "popularity": 13.487, "vote_count": 504, "tagline": null, "backdrop_path": "/72yCwFugnik33YG3zuTpP5zoMme.jpg", "poster_path": "/wAPQMH2TBBIcoGPQ7hf2jE0zL1l.jpg", "release_date": "1970-12-18", "runtime": null, "genres": [12, 18, 28, 37]}}, {"model": "movies.movie", "pk": 76600, "fields": {"title": "아바타: 물의 길", "overview": "판도라 행성에서 제이크 설리와 네이티리가 이룬 가족이 겪게 되는 무자비한 위협과 살아남기 위해 떠나야 하는 긴 여정과 전투, 그리고 견뎌내야 할 상처에 대한 이야기를 그렸다. 살아남기 위해 설리 가족이 숲에서 바다로 터전을 옮기면서 겪게 되는 화합의 과정, 그리고 곳곳에서 도사리는 새로운 위협까지 역경 속에서 더 아름답게 펼쳐진다.", "vote_average": 7.7, "popularity": 1478.983, "vote_count": 8132, "tagline": null, "backdrop_path": "/suw8eyL3YwE4wfzPQ0cLR02k0Gh.jpg", "poster_path": "/z56bVX93oRG6uDeMACR7cXCnAbh.jpg", "release_date": "2022-12-14", "runtime": null, "genres": [12, 28, 878]}}, {"model": "movies.movie", "pk": 168259, "fields": {"title": "분노의 질주: 더 세븐", "overview": "도미닉과 멤버들은 범죄조직 소탕 후 모든 전과를 사면 받고 평범한 일상으로 돌아간다. 하지만 평화도 잠시, 전작에서 처리한 범죄조직의 리더 오웬 쇼의 형 데카드 쇼가 동생의 복수를 위해 멤버들을 차례로 공격한다. 특수부대 출신 용병 데카드 쇼의 난입으로 한이 갑작스레 사망하게 되고, 도미닉의 집은 순식간에 폭파당한다. 이에 맞서는 정부요원 페티는 도미닉을 돕는 조건으로 납치당한 해커 램지의 구출을 의뢰하고, 도미닉은 멤버들을 다시 모아 숨막히는 반격을 시작한다.", "vote_average": 7.2, "popularity": 329.017, "vote_count": 9734, "tagline": null, "backdrop_path": "/cHkhb5A4gQRK6zs6Pv7zorHs8Nk.jpg", "poster_path": "/cuQdgDYANbKA46e4va2fz6fODkc.jpg", "release_date": "2015-04-01", "runtime": null, "genres": [28, 53, 80]}}, {"model": "movies.movie", "pk": 265712, "fields": {"title": "도라에몽: 스탠바이미", "overview": "공부도 꽝, 운동도 꽝, 무얼해도 덜렁대고 소심한 소년 진구.  그런 진구에게 행복한 꿈과 미래를 선물하는 임무를 받고 22세기에서 날아온 최고의 친구, 도라에몽!  대나무 헬리콥터, 어디로든 문, 투명망토, 암기빵, 그리고 타임머신까지!  도라에몽은 온갖 미래의 비밀도구로 오직 진구만을 위한 노력에 나선다.  마지못해 임무를 부여 받고 미래에서 끌려온 도라에몽은 누구보다 착한 마음씨를 지닌 진구와 점차 특별한 우정을 나누게 되지만,  언제까지나 함께할 것 같던 두 단짝에게도 이별의 순간이 찾아오는데..  과연 도라에몽은 진구의 꿈과 행복을 이뤄줄 수 있을까?  우리가 몰랐던 도라에몽의 처음, 그리고 마지막 이야기가 펼쳐진다!", "vote_average": 7.3, "popularity": 190.324, "vote_count": 429, "tagline": null, "backdrop_path": "/ynpefecsZumBA37vXXaBHK3giln.jpg", "poster_path": "/q7YdWMCizuWCXsJkP7dQ7ASW7DJ.jpg", "release_date": "2014-08-08", "runtime": null, "genres": [14, 16, 878, 10751]}}, {"model": "movies.movie", "pk": 283995, "fields": {"title": "가디언즈 오브 갤럭시 Vol. 2", "overview": "타노스에 맞서 은하계를 구하고 최고의 해결사로 등극한 스타로드 일행. 하지만 소버린 행성의 여사제 아이샤를 돕던 중 옛버릇을 고치지 못하고 행성의 배터리를 훔쳤다가 소버린 종족에 쫓기는 신세가 된다. 그 과정에서 피터의 아버지 에고가 그들을 돕는다. 아픈 엄마와 어린 자신을 버리고 떠난 아버지에 대한 원망이 컸던 피터는 에고의 행성에서 아버지의 능력을 확인하곤 그 힘에 이끌린다. 하지만 가모라는 에고의 행성에서 이상한 기운을 감지한다. 한편 반란군에 의해 위기에 처한 욘두는 로켓과 그루트의 도움으로 목숨을 구한다.", "vote_average": 7.6, "popularity": 359.058, "vote_count": 19751, "tagline": null, "backdrop_path": "/aJn9XeesqsrSLKcHfHP4u5985hn.jpg", "poster_path": "/uDuwGhQgffd5GQ695oUfy5oZGqP.jpg", "release_date": "2017-04-19", "runtime": null, "genres": [12, 28, 35, 878]}}, {"model": "movies.movie", "pk": 296271, "fields": {"title": "더 데빌 컨스피러시", "overview": "", "vote_average": 6.3, "popularity": 225.903, "vote_count": 160, "tagline": null, "backdrop_path": "/sp7MPK2K60LLd7A6zjHKsfgjFil.jpg", "poster_path": "/2lUYbD2C3XSuwqMUbDVDQuz9mqz.jpg", "release_date": "2023-01-13", "runtime": null, "genres": [14, 27, 53, 878]}}, {"model": "movies.movie", "pk": 298618, "fields": {"title": "플래시", "overview": "DC 코믹스의 슈퍼 히어로 `플래쉬`가 주인공인 영화", "vote_average": 0.0, "popularity": 180.886, "vote_count": 0, "tagline": null, "backdrop_path": "/u0Idv93k1EPYahn1QjJXexbT2g2.jpg", "poster_path": "/muD7qu9UagO08dZBout1YXwdE6a.jpg", "release_date": "2023-06-14", "runtime": null, "genres": [12, 28, 878]}}, {"model": "movies.movie", "pk": 315162, "fields": {"title": "장화신은 고양이: 끝내주는 모험", "overview": "아홉 개의 목숨 중 단 하나의 목숨만 남은 장화신은 고양이.  마지막 남은 목숨을 지키기 위해 히어로의 삶 대신 반려묘의 삶을 선택한 그에게 찾아온 마지막 기회, 바로 소원을 들어주는 소원별이 있는 곳을 알려주는 지도!  잃어버린 목숨을 되찾고 다시 히어로가 되기를 꿈꾸는 장화신은 고양이는 뜻밖에 동료가 된 앙숙 파트너 '키티 말랑손', 그저 친구들과 함께라면 모든 게 행복한 강아지 '페로'와 함께 소원별을 찾기 위해 길을 떠난다.  그리고 소원별을 노리는 또 다른 빌런들과 마주치게 되는데…", "vote_average": 8.3, "popularity": 668.879, "vote_count": 5574, "tagline": null, "backdrop_path": "/jr8tSoJGj33XLgFBy6lmZhpGQNu.jpg", "poster_path": "/rKgvctIuPXyuqOzCQ16VGdnHxKx.jpg", "release_date": "2022-12-07", "runtime": null, "genres": [12, 14, 16, 35, 10751]}}, {"model": "movies.movie", "pk": 324552, "fields": {"title": "존 윅: 리로드", "overview": "업계 최고의 레전드 킬러 존 윅은 과거를 뒤로 한 채 평화로운 삶을 꿈꾸며 은퇴를 선언하지만, 과거 자신의 목숨을 구해 줬던 옛 동료 산티노와의 피로 맺은 암살자들의 룰에 발목을 잡히고 만다. 피의 맹세에 대한 선택권 없이 산티노의 청을 들어줘야만 하는 존 윅은 산티노의 지시대로 로마로 향한다. 국제 암살자 연합의 최고 자리를 탈취하기 위해 자신의 친누나를 대신 암살하라는 산티노의 계획으로 인해 존 윅은 위험에 빠지게 되고, 무려 700만 달러의 현상금에 눈이 먼 전 세계의 암살자들의 총구는 그를 향하는데...", "vote_average": 7.3, "popularity": 248.827, "vote_count": 11527, "tagline": null, "backdrop_path": "/r17jFHAemzcWPPtoO0UxjIX0xas.jpg", "poster_path": "/yF41NLIYplr6ilBAF1KvEUny7DO.jpg", "release_date": "2017-02-08", "runtime": null, "genres": [28, 53, 80]}}, {"model": "movies.movie", "pk": 325358, "fields": {"title": "슈퍼패스트!", "overview": "", "vote_average": 5.0, "popularity": 791.155, "vote_count": 348, "tagline": null, "backdrop_path": "/bWZ4ge00FlDyHcOQZl7AzbZcrxT.jpg", "poster_path": "/iuIWl90qCpoxv6g775JB6Kg0m86.jpg", "release_date": "2015-03-05", "runtime": null, "genres": [28, 35]}}, {"model": "movies.movie", "pk": 337339, "fields": {"title": "분노의 질주: 더 익스트림", "overview": "마침내 평화로운 일상으로 돌아온 리더 도미닉(빈 디젤)과 멤버들. 하지만 레티(미셸 로드리게스)와 쿠바에서 신혼을 만끽 중인 도미닉(빈 디젤)에게 불청객이 찾아온다. 전설적인 해커이자 테러 조직의 리더 사이퍼(샤를리즈 테론)는 도미닉을 협박해 자신의 명령을 따르게 한다. 멤버들은 도미닉이 사이퍼와 함께  사상 최악의 테러를 계획하고 있음을 알게 된다.  리더의 배신으로 위기에 놓인 멤버들은 한때 팀을 모두 전멸시키려 했던 데카드 쇼(제이슨 스타뎀)까지 영입해  최악의 적이 되어버린 도미닉과의 피할 수 없는 대결을 앞두게 되는데...", "vote_average": 6.9, "popularity": 336.308, "vote_count": 9479, "tagline": null, "backdrop_path": "/jzdnhRhG0dsuYorwvSqPqqnM1cV.jpg", "poster_path": "/h7tvYU9kN4pKjCIzUhf6PLNhQHT.jpg", "release_date": "2017-04-12", "runtime": null, "genres": [28, 53, 80]}}, {"model": "movies.movie", "pk": 361743, "fields": {"title": "탑건: 매버릭", "overview": "최고의 파일럿이자 전설적인 인물 매버릭은 자신이 졸업한 훈련학교 교관으로 발탁된다. 그의 명성을 모르던 팀원들은 매버릭의 지시를 무시하지만 실전을 방불케 하는 상공 훈련에서 눈으로 봐도 믿기 힘든 전설적인 조종 실력에 모두가 압도된다. 매버릭의 지휘 아래 견고한 팀워크를 쌓아가던 팀원들에게 국경을 뛰어넘는 위험한 임무가 주어지자 매버릭은 자신이 가르친 동료들과 함께 마지막이 될지 모를 하늘 위 비행에 나서는데...", "vote_average": 8.3, "popularity": 211.138, "vote_count": 6851, "tagline": null, "backdrop_path": "/AaV1YIdWKnjAIAOe8UUKBFm327v.jpg", "poster_path": "/jeqXUwNilvNqNXqAHsdwm5pEfae.jpg", "release_date": "2022-05-24", "runtime": null, "genres": [18, 28]}}, {"model": "movies.movie", "pk": 384018, "fields": {"title": "분노의 질주: 홉스 & 쇼", "overview": "이상한 약물에 의해 강력한 파워를 얻게 된 아나키스트 브릭스턴 로어는 인류를 천천히, 그리고 영원히 다른 존재로 바꿔버릴 수 있는 생화학무기를 손에 넣고 자신은 진화형 인간이 된다. 그런데 데카드 쇼의 동생이자 M16 요원인 해티 쇼가 치명적인 병원균이 들어 있는 실린더를 브릭스턴의 손에서 훔쳐 달아난다. 양국으로부터 해티의 행방을 찾아달라는 명령을 받은 루크와 데카드는 유전자 조작으로 사실상 파괴 불가능한 존재가 되어버린 브릭스턴을 상대로 힘겨운 싸움도 이겨나가야 하는데...", "vote_average": 6.9, "popularity": 498.892, "vote_count": 6369, "tagline": null, "backdrop_path": "/hpgda6P9GutvdkDX5MUJ92QG9aj.jpg", "poster_path": "/8MdVJYHKp7JFvTMkLkZOou13LYV.jpg", "release_date": "2019-08-01", "runtime": null, "genres": [12, 28, 35]}}, {"model": "movies.movie", "pk": 385128, "fields": {"title": "분노의 질주: 더 얼티메이트", "overview": "평화로운 은둔생활을 즐기고 있는 도미닉에게 또 다른 적이 나타난다. 미스터 노바디가 실종되면서 남긴 마지막 메시지를 쫓아가던 돔 패밀리 앞에 돔의 친동생 제이콥이 나타나 비밀이 담긴 박스를 탈취해간 것이다. 제이콥이 테러리스트 사이퍼를 이용해 전세계를 위험에 빠트릴 계획을 꾸미고 있음을 알게 된 도미닉은 동생의 폭주를 막고 잘못된 과거를 바로잡기 위해 일어선다. 돌아온 오리지널 멤버 한 등과 함께 다시 부활한 돔 패밀리의 반격의 막이 오른다.", "vote_average": 7.2, "popularity": 434.695, "vote_count": 6310, "tagline": null, "backdrop_path": "/xXHZeb1yhJvnSHPzZDqee0zfMb6.jpg", "poster_path": "/tVkqaX34vKpprUn5As1kJeYPunr.jpg", "release_date": "2021-05-19", "runtime": null, "genres": [12, 28, 53, 80]}}, {"model": "movies.movie", "pk": 385687, "fields": {"title": "분노의 질주: 라이드 오어 다이", "overview": "돔과 그의 패밀리 앞에 나타난 운명의 적 단테. 과거의 그림자는 돔의 모든 것을 파괴하기 위해 달려온다. 단테에 의해 산산히 흩어진 패밀리들은 모두 목숨을 걸고 맞서야 하는 함정에 빠지고 마는데...", "vote_average": 6.9, "popularity": 5303.599, "vote_count": 376, "tagline": "달리거나 죽거나, 그들의 마지막 질주가 시작된다!", "backdrop_path": "/4t0oBFrJyweYPt0hocW6RUa0b6H.jpg", "poster_path": "/3JT1oE0JIA6CQJaZDG00y3S0kP3.jpg", "release_date": "2023-05-17", "runtime": "142", "genres": [12, 28, 53, 80, 9648]}}, {"model": "movies.movie", "pk": 396194, "fields": {"title": "엔니오: 더 마에스트로", "overview": "<황야의 무법자>, <원스 어폰 어 타임 인 아메리카>, <미션>, <시네마 천국>, <헤이트풀8>…\r 전 세계가 사랑하는 거장 엔니오 모리꼬네\r 그가 직접 들려주는 명작 탄생 비하인드\r 그리고 세계적인 아티스트들이 이야기하는 그에 대한 모든 것", "vote_average": 8.4, "popularity": 14.744, "vote_count": 214, "tagline": null, "backdrop_path": "/8mDJ1GqqVgbvYYeaZzbyMCMG78Q.jpg", "poster_path": "/sk4t0ttm61AhBKsTmHNXU5k7VZo.jpg", "release_date": "2022-02-17", "runtime": null, "genres": [99, 10402]}}, {"model": "movies.movie", "pk": 420808, "fields": {"title": "피터팬 & 웬디", "overview": "어느 날, 모험을 꿈꾸는 소녀 ‘웬디’의 창문으로 우연히 찾아온 ‘피터팬’. 신비로운 요정의 도움으로 ‘웬디’는 밤하늘을 날아 새로운 친구들과 놀라운 모험이 가득한 마법의 땅 ‘네버랜드’에 도착하게 되는데… 오늘 밤 , 창문을 닫지 마세요! 당신에게도 피터팬이 찾아올지 모르니", "vote_average": 5.8, "popularity": 594.242, "vote_count": 377, "tagline": null, "backdrop_path": "/8HfjrSxfTVKmjNh8cJjbu5eXzcX.jpg", "poster_path": "/x5ex5Dk1jekuOHy7BBrX4jJ0csO.jpg", "release_date": "2023-04-20", "runtime": null, "genres": [12, 14, 28, 10751]}}, {"model": "movies.movie", "pk": 436270, "fields": {"title": "블랙 아담", "overview": "기원전 가장 번성하고 위대한 고대 국가였지만 현재는 국제 군사 조직 인터갱의 독재 국가로 전락한 칸다크. 인터갱의 눈을 피해 고대 유물을 찾던 아드리아나는 우연히 5000년 동안 잠들어 있던 블랙 아담을 깨우게 된다.  엄청난 괴력과 스피드, 방탄 능력과 자유자재의 고공비행, 번개를 쏘는 능력까지. 온몸이 무기인 블랙 아담은 자신의 앞을 막아서는 인터갱들을 모조리 쓸어버리고 칸다크 국민들은 이에 열광한다. 한편, 그의 폭주를 막기 위해 호크맨, 닥터 페이트, 아톰 스매셔, 사이클론으로 구성된 히어로 군단 저스티스 소사이어티가 칸다크에 나타나는데...", "vote_average": 7.1, "popularity": 459.223, "vote_count": 4929, "tagline": null, "backdrop_path": "/bQXAqRx2Fgc46uCVWgoPz5L5Dtr.jpg", "poster_path": "/mEdMHGy1FfCUc7PskFO0tibm8jp.jpg", "release_date": "2022-10-19", "runtime": null, "genres": [12, 14, 28, 878]}}, {"model": "movies.movie", "pk": 447277, "fields": {"title": "인어공주", "overview": "아틀란티카 바다의 왕 트라이튼의 사랑스러운 막내딸인 인어 에리얼은 늘 인간들이 사는 바다 너머 세상으로의 모험을 꿈꾼다. 어느 날, 우연히 바다 위로 올라갔다가 폭풍우 속 가라앉는 배에 탄 인간 에릭 왕자의 목숨을 구해준다. 갈망하던 꿈과 운명적인 사랑을 이루기 위해 용기를 낸 에리얼은 사악한 바다 마녀 울슐라와의 위험한 거래를 통해 다리를 얻게 된다. 드디어 바다를 벗어나 그토록 원하던 인간 세상으로 가게 되지만, 그 선택으로 에리얼과 아틀란티카 왕국 모두 위험에 처하게 되는데… 바닷속, 그리고 그 너머 아름다운 꿈과 사랑의 멜로디가 펼쳐진다!", "vote_average": 5.6, "popularity": 684.632, "vote_count": 57, "tagline": null, "backdrop_path": "/pbMbDlOAkVuvnxovBA2ENin59xH.jpg", "poster_path": "/8k8tmcx5e6ShpackLnDswBo1tnB.jpg", "release_date": "2023-05-18", "runtime": null, "genres": [12, 14, 10749, 10751]}}, {"model": "movies.movie", "pk": 447365, "fields": {"title": "가디언즈 오브 갤럭시: Volume 3", "overview": "가모라를 잃고 슬픔에 빠져 있던 피터 퀼이 위기에 처한 은하계와 동료를 지키기 위해 다시 한 번 가디언즈 팀과 힘을 모으고, 성공하지 못할 경우 그들의 마지막이 될지도 모르는 미션에 나서는 이야기.", "vote_average": 8.1, "popularity": 1558.199, "vote_count": 1492, "tagline": null, "backdrop_path": "/51vreLbrGwzAg4WRCHgitWz6Naw.jpg", "poster_path": "/b7epV2cQZVIR4u5VZraDwD0AgiE.jpg", "release_date": "2023-05-03", "runtime": null, "genres": [12, 28, 878]}}, {"model": "movies.movie", "pk": 455476, "fields": {"title": "세인트 세이야: 더 비기닝", "overview": "강력한 힘을 가진 전쟁과 지혜의 신 ‘아테나’의 환생! 세상을 구할 수호 기사가 깨어난다!  어린 시절 누나 ‘패트리샤’가 납치된 후 홀로 자란 ‘세이야’  슬럼가 지하 격투장에서 벌어지는 결투로 근근이 살아가던 중, 위기의 상황에서 자신도 알지 못했던 미스터리한 힘이 발현되면서 ‘아테나’를 찾고 있던 ‘구라드’의 무장 조직에게 쫓기게 된다.  수수께끼의 남자 ‘알먼 키도’에 의해 가까스로 목숨을 구한 ‘세이야’는 그를 따라 도착한 은신처에서 ‘아테나’의 환생인 ‘시에나’와 마주한다.  오래전, 다른 신들에 맞서 인간을 지키던 전쟁과 지혜의 신 ‘아테나’ ‘알먼 키도’는 ‘시에나’에게 잠재된 ‘아테나’의 힘이 곧 깨어날 것이며, ‘세이야’는 ‘아테나’를 수호하고 세상을 지킬 성투사의 운명을 가졌다는 사실을 알려주는데...", "vote_average": 6.3, "popularity": 304.591, "vote_count": 49, "tagline": null, "backdrop_path": "/993utJnne28M1WNCIpk1uQQapfp.jpg", "poster_path": "/fBNl8kpFMz5ugi3RGYfenKctzjq.jpg", "release_date": "2023-04-27", "runtime": null, "genres": [12, 14, 28]}}, {"model": "movies.movie", "pk": 458156, "fields": {"title": "존 윅 3: 파라벨룸", "overview": "사랑하는 아내와 반려견이 죽은 후 복수를 위해 돌아온 전설의 킬러, 존 윅은 성역 콘티넨탈 호텔에서는 살인하면 안 된다는 룰을 깨면서 전세계 킬러들의 표적이 된다. 전편에서 존 윅이 국제암살자연맹에서 파문당한 직후 1시간 동안 도망갈 시간을 내어 준 윈스턴은 최고회의로부터 그를 도왔다는 이유로 자리에서 물러날 것을 요구받는다. 현상금이 1400만달러로 불어난 존 윅은 옛 동료이자 현재 카사블랑카 콘티넨탈 호텔의 지점장인 소피아에게 도움을 청한다.", "vote_average": 7.4, "popularity": 258.478, "vote_count": 9229, "tagline": null, "backdrop_path": "/vVpEOvdxVBP2aV166j5Xlvb5Cdc.jpg", "poster_path": "/judgsR2sH5kie1mTW94LWaebWLK.jpg", "release_date": "2019-05-15", "runtime": null, "genres": [28, 53, 80]}}, {"model": "movies.movie", "pk": 458220, "fields": {"title": "파머", "overview": "학창 시절 미식축구 스타였던 에디 파머. 12년의 수감 생활을 마치고 돌아간 고향에서 가족으로부터 버림받은 소년 샘과 예상치 못하게 인연을 맺게 된다. 그러나 에디의 과거가 새로운 삶과 가족을 위협하게 되는데...", "vote_average": 8.0, "popularity": 538.008, "vote_count": 988, "tagline": null, "backdrop_path": "/bblKpucB0XbyQBmfXsaRN985Rgh.jpg", "poster_path": "/xSDdRAjxKAGi8fUBLOqSrBhJmF0.jpg", "release_date": "2021-01-29", "runtime": null, "genres": [18]}}, {"model": "movies.movie", "pk": 459003, "fields": {"title": "Мавка: Лісова пісня", "overview": "", "vote_average": 6.7, "popularity": 31.28, "vote_count": 26, "tagline": null, "backdrop_path": "/a9zLkSGkP4NLSwTEr67RDM6eWIC.jpg", "poster_path": "/5ELbK0xffYuVtTlxJGRY2wViglM.jpg", "release_date": "2023-03-02", "runtime": null, "genres": [12, 14, 16, 10751]}}, {"model": "movies.movie", "pk": 477018, "fields": {"title": "9명의 번역가", "overview": "화제의 베스트셀러 ‘디덜러스‘. 이 책의 마지막 장 출판을 위해 9개국의 번역가들이 고용된다. 결말 유출을 막기 위해 아무도 나갈 수 없는 지하 밀실에서 작업을 시작한 그들. 하지만 곧 첫 10페이지가 인터넷에 공개된다. 그리고 편집장 ‘에릭’에게 도착한 한 통의 메시지. \"돈을 보내지 않으면 다음 100페이지를 공개하겠다.” ‘에릭‘은 모든 수단을 동원해 범인을 찾으려 하고, 번역가들은 서로를 의심하기 시작하는데…", "vote_average": 6.5, "popularity": 17.035, "vote_count": 423, "tagline": null, "backdrop_path": "/nRYqd191U8hw1nGQIX9QfmpTOUB.jpg", "poster_path": "/ibKiIkDFAJTHx2H9dsGdAtzIrKV.jpg", "release_date": "2019-12-20", "runtime": null, "genres": [53, 9648]}}, {"model": "movies.movie", "pk": 493529, "fields": {"title": "던전 앤 드래곤 - 도적들의 명예", "overview": "한때는 명예로운 기사였지만, 어떤 사건 이후 홀가, 사이먼, 포지와 함께 도적질을 하게 된 에드긴. 소피나의 제안으로 부활의 서판을 얻기 위해 코린의 성에 잠입하지만 포지와 소피나의 배신으로 실패하고 감옥에 갇힌다. 기발한 방법으로 탈옥에 성공한 에드긴과 홀가는 소중한 사람들과 다시 만나고, 부활의 서판도 되찾기 위해  자신만의 팀을 꾸리기 시작한다. 옛 동료인 소질 없는 소서러 사이먼과 새롭게 합류한 변신 천재 드루이드 도릭, 재미 빼고 다 가진 팔라딘 젠크까지 어딘가 2% 부족한 오합지졸로 가득한 이 팀, 과연 무사히 모험을 끝마칠 수 있을까?", "vote_average": 7.5, "popularity": 578.129, "vote_count": 1373, "tagline": null, "backdrop_path": "/oblUNeHlwV3VsjB5ITMlco5ZSOF.jpg", "poster_path": "/eg4vGqZo1BpjY3ZoCUAGk09Pq7T.jpg", "release_date": "2023-03-23", "runtime": null, "genres": [12, 14, 35]}}, {"model": "movies.movie", "pk": 502356, "fields": {"title": "슈퍼 마리오 브라더스", "overview": "따단-딴-따단-딴 ♫ 전 세계를 열광시킬 올 타임 슈퍼 어드벤처의 등장! 뉴욕의 평범한 배관공 형제 '마리오'와 ‘루이지’는 배수관 고장으로 위기에 빠진 도시를 구하려다 미스터리한 초록색 파이프 안으로 빨려 들어가게 된다. 파이프를 통해 새로운 세상으로 차원 이동하게 된 형제. 형 '마리오'는 뛰어난 리더십을 지닌 '피치'가 통치하는 버섯왕국에 도착하지만 동생 '루이지'는 빌런 '쿠파'가 있는 다크랜드로 떨어지며 납치를 당하고 ‘마리오’는 동생을 구하기 위해 ‘피치’와 ‘키노피오’의 도움을 받아 '쿠파'에 맞서기로 결심한다. 그러나 슈퍼스타로 세상을 지배하려는 그의 강력한 힘 앞에 이들은 예기치 못한 위험에 빠지게 되는데...!", "vote_average": 7.738, "popularity": 6334.812, "vote_count": 3303, "tagline": "동생을 구하기 위해! 세상을 지키기 위해! '슈퍼 마리오'로 레벨업하기 위한 '마리오'의 스펙터클한 스테이지가 시작된다!", "backdrop_path": "/nLBRD7UPR6GjmWQp6ASAfCTaWKX.jpg", "poster_path": "/dlGyzCxbBQK1U2O5o31Z1hB6erc.jpg", "release_date": "2023-04-05", "runtime": "92", "genres": [12, 14, 16, 35, 10751]}}, {"model": "movies.movie", "pk": 505642, "fields": {"title": "블랙 팬서: 와칸다 포에버", "overview": "국왕이자 블랙 팬서인 티찰라의 죽음 이후 수많은 강대국으로부터 위협을 받게 된 와칸다. 라몬다, 슈리 그리고 나키아, 오코예, 음바쿠는 각자 사명감을 갖고 와칸다를 지키기 위해 외로운 싸움을 이어간다. 한편, 비브라늄의 패권을 둘러싼 미스터리한 음모와 함께 깊은 해저에서 모습을 드러낸 최강의 적 네이머와 탈로칸의 전사들은 와칸다를 향해 무차별 공격을 퍼붓기 시작하는데…", "vote_average": 7.3, "popularity": 478.273, "vote_count": 4852, "tagline": null, "backdrop_path": "/xDMIl84Qo5Tsu62c9DGWhmPI67A.jpg", "poster_path": "/nPpS4H39AhDD8g5VPt6tQcFJNtL.jpg", "release_date": "2022-11-09", "runtime": null, "genres": [12, 28, 878]}}, {"model": "movies.movie", "pk": 507250, "fields": {"title": "데드 샷", "overview": "", "vote_average": 7.0, "popularity": 898.685, "vote_count": 14, "tagline": null, "backdrop_path": "/oGY415S8J0NxVbXKHaEOwns1ZWf.jpg", "poster_path": "/s0Qx9YL1JSpYKm1hu0Ovj0IJ1SN.jpg", "release_date": "2023-05-12", "runtime": null, "genres": [28, 53]}}, {"model": "movies.movie", "pk": 507903, "fields": {"title": "스포일러 경고", "overview": "", "vote_average": 7.5, "popularity": 14.894, "vote_count": 65, "tagline": null, "backdrop_path": "/gqwefX8QC3jBrqSoyjLZup00KD4.jpg", "poster_path": "/zdXoC9hgPieyT2x3TXcZGeRbpJZ.jpg", "release_date": "2022-12-02", "runtime": null, "genres": [18, 35, 10749]}}, {"model": "movies.movie", "pk": 522444, "fields": {"title": "블랙 워터: 어비스", "overview": "호주의 깊은 숲 속. 외딴 동굴 탐험에 나선 제니퍼와 에릭, 그리고 친구들은 폭풍우로 인해 불어난 물로 동굴에 갇히게 된다.  제한된 식량과 시간 속에서 탈출구를 찾던 그들에게 불길한 그림자가 서서히 드리우는데...  미로처럼 뻗어 나가는 동굴 속  그들은 과연 살아서 동굴을 탈출할 수 있을까?", "vote_average": 5.2, "popularity": 43.236, "vote_count": 382, "tagline": null, "backdrop_path": "/fRrpOILyXuWaWLmqF7kXeMVwITQ.jpg", "poster_path": "/8nYyl8WJE9BXPaBsjZglzJo36FP.jpg", "release_date": "2020-07-09", "runtime": null, "genres": [12, 27, 28]}}, {"model": "movies.movie", "pk": 522925, "fields": {"title": "달리랜드", "overview": "", "vote_average": 8.0, "popularity": 15.535, "vote_count": 1, "tagline": null, "backdrop_path": "/dkRqcErje4ffPSso7wuoheycotC.jpg", "poster_path": "/4RE6PmgeE6Kz0fur2oiiYZ50R0c.jpg", "release_date": "2023-05-19", "runtime": null, "genres": [18, 36]}}, {"model": "movies.movie", "pk": 532408, "fields": {"title": "부기맨", "overview": "엄마의 죽음으로 슬픔에 잠겨있는 자매에게 무시무시한 초자연적 존재 '부기맨'이 나타나면서 벌어지는 일을 그린 영화", "vote_average": 0.0, "popularity": 46.077, "vote_count": 0, "tagline": null, "backdrop_path": "/mK0a3t62lM8ho3mmvBWf6NxdWvw.jpg", "poster_path": "/gOIbC9Kd0szndrAeEaCwVM4u3rm.jpg", "release_date": "2023-06-01", "runtime": null, "genres": [27, 9648]}}, {"model": "movies.movie", "pk": 536437, "fields": {"title": "힙노틱", "overview": "", "vote_average": 7.0, "popularity": 36.798, "vote_count": 13, "tagline": null, "backdrop_path": "/8FhKnPpql374qyyHAkZDld93IUw.jpg", "poster_path": "/mv362kHXz4Yr33wtQhqfcJWFM8G.jpg", "release_date": "2023-05-11", "runtime": null, "genres": [53, 80, 9648]}}, {"model": "movies.movie", "pk": 536554, "fields": {"title": "메간", "overview": "교통사고로 부모를 잃고 혼자가 된 소녀 ‘케이디’. 로봇 엔지니어이자, ‘케이디’의 보호자가 된 ‘젬마’는 ‘케이디’를 안전하게 지켜야 하는 프로그램이 입력된 AI 로봇 ‘메간’을 선물한다. 메간은 언제나 ‘케이디’의 곁을 지켜주며 함께 웃고, 힘들 땐 위로해주는 둘도 없는 친구가 된다. 어느 날, ‘케이디’가 위험에 처하자 ‘메간’은 예측할 수 없는 방향으로 업그레이드되며 감당할 수 없는 일들이 벌어지는데…", "vote_average": 7.3, "popularity": 283.842, "vote_count": 2635, "tagline": null, "backdrop_path": "/A077VsMIBBXNvlI5mohGnSiIrfI.jpg", "poster_path": "/v0TtgXaZZ6NeDxKackgQK9byEDL.jpg", "release_date": "2022-12-28", "runtime": null, "genres": [27, 35, 878]}}, {"model": "movies.movie", "pk": 552688, "fields": {"title": "내 이름은 마더", "overview": "은둔 생활을 하던 군 출신 암살자. 복수에 혈안이 된 무자비한 범죄자들의 손아귀에서 한 번도 만난 적 없는 딸을 지키기 위해 세상 밖으로 나온다.", "vote_average": 6.8, "popularity": 2381.904, "vote_count": 518, "tagline": null, "backdrop_path": "/i1eghEBiC0gN4KnwuUGC2fNiX1f.jpg", "poster_path": "/vnRthEZz16Q9VWcP5homkHxyHoy.jpg", "release_date": "2023-05-04", "runtime": null, "genres": [28, 53]}}, {"model": "movies.movie", "pk": 555285, "fields": {"title": "안녕하세요, 하느님? 저 마거릿이에요", "overview": "", "vote_average": 7.3, "popularity": 21.125, "vote_count": 26, "tagline": null, "backdrop_path": "/3t5FfSD7z0pHG0L5NfhMmdNsqhj.jpg", "poster_path": "/yb6UB4WC3znlwU0L4AqMnjR9G9S.jpg", "release_date": "2023-04-27", "runtime": null, "genres": [18, 35]}}, {"model": "movies.movie", "pk": 569094, "fields": {"title": "스파이더맨: 어크로스 더 유니버스", "overview": "새로운 스파이더맨 마일스 모랄레스(샤메익 무어)가 수많은 스파이더맨들과 함께 멀티버스 세계 속 다중 우주의 질서를 잡기 위해 빌런과 대결하는 이야기", "vote_average": 0.0, "popularity": 232.931, "vote_count": 0, "tagline": null, "backdrop_path": "/jS4z8y70ESrZwmFJubqYuceFtnX.jpg", "poster_path": "/p2l6hOlyx1ZP6jt9wagthliVg9h.jpg", "release_date": "2023-05-31", "runtime": null, "genres": [12, 16, 28, 878]}}, {"model": "movies.movie", "pk": 573164, "fields": {"title": "치킨 히어로 빌리: 황금 달걀 구출 작전", "overview": "아내인 ‘디’가 황금알 남매인 ‘맥스’와 ‘울리’를 낳자, 수탉 ‘빌리’는 하늘을 날아갈 듯 기뻐한다. 그러나 기쁨도 잠시, 이 세상이 연약한 달걀에겐 너무 위험하다고 생각한 빌리는 사사건건 맥스와 울리를 쫓아다니며 과보호한다. 목장 주인이 달걀 경연 대회에 맥스와 울리를 데리고 나간 후, 마피아들이 남매를 탐내자 빌리의 걱정은 점차 커져만 간다. 그날 밤, 경연대회에서 마주쳤던 마피아가 목장에 침입하고, 두 남매를 납치하고 만다. 아프리카 콩고에서 열리는 경매 만찬 행사에 희귀한 알을 데려가 요리해 먹으려는 사악한 계획을 눈치챈 빌리와 친구들은 알들을 구하기 위해 구조대를 결성한다. 사자 왕이 다스리는 정글을 지나 인간의 요새를 뚫고, 빌리와 용감한 친구들은 다시 평화로운 목장으로 돌아올 수 있을까?", "vote_average": 7.9, "popularity": 29.228, "vote_count": 342, "tagline": null, "backdrop_path": "/uHmvk8FnoxpgujDU0RIXLkv2fNt.jpg", "poster_path": "/ewrIYKTLaqerwznGzNhmqr0huTs.jpg", "release_date": "2021-08-12", "runtime": null, "genres": [12, 16, 35, 10751]}}, {"model": "movies.movie", "pk": 579884, "fields": {"title": "Суворов: Великое путешествие", "overview": "", "vote_average": 5.8, "popularity": 241.462, "vote_count": 8, "tagline": null, "backdrop_path": "/f0nRX5F6VjzXMMzezZn48EQwjUn.jpg", "poster_path": "/aGz7lEXj4yZnBydthjBgTotsn1q.jpg", "release_date": "2022-05-01", "runtime": null, "genres": [16]}}, {"model": "movies.movie", "pk": 594767, "fields": {"title": "샤잠! 신들의 분노", "overview": "신들의 힘을 갖게 된 빌리와 친구들은 각자의 방법으로 슈퍼히어로의 삶을 즐기게 된다. 그러던 그들 앞에 잃어버린 힘을 되찾고자 그리스 여신 헤스페라와 칼립소가 나타나게 되고, 세상은 혼돈에 빠지게 되는데…", "vote_average": 6.8, "popularity": 1397.741, "vote_count": 1688, "tagline": null, "backdrop_path": "/nDxJJyA5giRhXx96q1sWbOUjMBI.jpg", "poster_path": "/f5907P7GdAGI22PHNRfqoKCAcDR.jpg", "release_date": "2023-03-15", "runtime": null, "genres": [14, 28, 35]}}, {"model": "movies.movie", "pk": 599019, "fields": {"title": "빅트립2: 아기곰 배달 대작전", "overview": "아기 팬더를 배달한 게 엊그제 같은데, 이번엔 아기 반달곰이 뚝! 떨어졌다. 그런데 무려, 동물왕국 대통령 후보의 아들이라고?! ‘믹믹’과 ‘오스카’는 동물왕국의 평화를 위해, 다시 한번 아기를 배달하기로 결심한다. 애니멀 특송단, 배달 시작합니다!", "vote_average": 6.5, "popularity": 123.905, "vote_count": 70, "tagline": null, "backdrop_path": "/isGINC82PZmMblEJP2rBAvSlX37.jpg", "poster_path": "/t4KQRvKUsRTw66cRiGD2w65oKdo.jpg", "release_date": "2022-10-07", "runtime": null, "genres": [12, 16, 35, 10751]}}, {"model": "movies.movie", "pk": 603692, "fields": {"title": "존 윅 4", "overview": "죽을 위기에서 살아난 존 윅은 최고 회의를 쓰러트릴 방법을 찾아낸다. 비로소 완전한 자유의 희망을 보지만, 빌런 그라몽 후작과 전 세계의 최강 연합은 존 윅의 오랜 친구까지 적으로 만들어 버리고, 새로운 위기에 놓인 존 윅은 최후의 반격을 준비하는데...", "vote_average": 7.9, "popularity": 2421.682, "vote_count": 1587, "tagline": null, "backdrop_path": "/fgw4rFs4XMWdJTWp1eMacHKQqbZ.jpg", "poster_path": "/kHen25Yk0DnaB2pqaB1mcZDKqMv.jpg", "release_date": "2023-03-22", "runtime": null, "genres": [28, 53, 80]}}, {"model": "movies.movie", "pk": 605886, "fields": {"title": "투 캐치 어 킬러", "overview": "", "vote_average": 7.0, "popularity": 193.11, "vote_count": 158, "tagline": null, "backdrop_path": "/T5xXoFqyc9jNXZIbH4Sw0jwWjw.jpg", "poster_path": "/mFp3l4lZg1NSEsyxKrdi0rNK8r1.jpg", "release_date": "2023-04-06", "runtime": null, "genres": [28, 53, 80, 9648]}}, {"model": "movies.movie", "pk": 616037, "fields": {"title": "토르: 러브 앤 썬더", "overview": "이너피스를 위해 자아 찾기 여정을 떠난 천둥의 신 토르. 그러나 우주의 모든 신들을 몰살하려는 신 도살자 고르의 등장으로 토르의 안식년 계획은 산산조각 나 버린다. 토르는새로운 위협에 맞서기 위해 킹 발키리, 코르그, 그리고 전 여자친구 제인과 재회하게 되고, 그녀가 묠니르를 휘두르는 마이티 토르가 되어 나타나 모두를 놀라게 한다. 이제 팀 토르는 고르의 복수에 얽힌 미스터리를 밝히고 더 큰 전쟁을 막기 위한 전 우주적 스케일의 모험을 시작하는데...", "vote_average": 6.6, "popularity": 240.25, "vote_count": 5972, "tagline": null, "backdrop_path": "/jsoz1HlxczSuTx0mDl2h0lxy36l.jpg", "poster_path": "/un8ZDtx2SMwNwXRYy65aItnNjab.jpg", "release_date": "2022-07-06", "runtime": null, "genres": [14, 28, 35]}}, {"model": "movies.movie", "pk": 620705, "fields": {"title": "크레이터", "overview": "달 광산 정착지의 다섯 아이들이 탐사선을 훔쳐 타고 미지의 분화구를 탐험하는 여정에 나선다.", "vote_average": 6.8, "popularity": 1571.634, "vote_count": 99, "tagline": null, "backdrop_path": "/mfPfFVhpnGp8bG4IUoBJPUs2xKj.jpg", "poster_path": "/fYPegDwZoD1jfVC5sszbEiQmE0c.jpg", "release_date": "2023-05-12", "runtime": null, "genres": [12, 28, 878, 10751]}}, {"model": "movies.movie", "pk": 631842, "fields": {"title": "똑똑똑", "overview": "휴가를 떠난 한 가족은 별장에 무단침입한 낯선 방문자들과 대치하게 된다. ‘레너드’(데이브 바티스타)와 낯선 방문자들은 세상의 종말을 막으러 왔다며, 가족 중 한 명을 희생시켜야만 인류의 멸망을 막을 수 있다는 잔혹한 선택을 하게 하는데… 가족을 살리면 인류가 멸망하고, 인류를 살리면 가족이 죽는다!", "vote_average": 6.4, "popularity": 281.859, "vote_count": 1467, "tagline": null, "backdrop_path": "/xZccWNz4v4dJDAPUwrrJKihq1F6.jpg", "poster_path": "/mCDSOfcVJfMkGUNrNpXWFO7oNBY.jpg", "release_date": "2023-02-01", "runtime": null, "genres": [27, 53]}}, {"model": "movies.movie", "pk": 633844, "fields": {"title": "사슴의 왕", "overview": "한때 최강의 전사로 이름을 떨쳤던 반은 제국의 노예가 되어 소금광산에 갇히게 된다. 어느 날 밤, 갑작스레 들이닥친 들개의 습격에서 죽을 고비를 넘긴 반은 또 한 명의 살아남은 소녀 유나와 함께 소금광산을 탈출한다. 한편, 미지의 전염병 ‘미차르’의 원인과 치료법을 찾던 천재 의사 홋사르는 습격의 유일한 생존자 반에게 치료의 실마리가 있음을 직감한다. 반을 생포하기 위해 수수께끼의 여인 사에가 그를 뒤쫓기 시작하고, 살아남은 자와 살아남으려는 자들의 이해관계가 서로 교차하기 시작하는데….", "vote_average": 6.5, "popularity": 21.157, "vote_count": 38, "tagline": null, "backdrop_path": "/zw38XzfM7AGBrKQCJDnPU3mz9WC.jpg", "poster_path": "/iYbHtTw14q07h8gM94djkhrg47E.jpg", "release_date": "2021-10-28", "runtime": null, "genres": [12, 14, 16, 18]}}, {"model": "movies.movie", "pk": 634649, "fields": {"title": "스파이더맨: 노 웨이 홈", "overview": "미스테리오의 계략으로 세상에 정체가 탄로난 스파이더맨 피터 파커는 하루 아침에 평범한 일상을 잃게 된다. 문제를 해결하기 위해 닥터 스트레인지를 찾아가 도움을 청하지만 뜻하지 않게 멀티버스가 열리면서 각기 다른 차원의 불청객들이 나타난다. 닥터 옥토퍼스를 비롯해 스파이더맨에게 깊은 원한을 가진 숙적들의 강력한 공격에 피터 파커는 사상 최악의 위기를 맞게 되는데…", "vote_average": 8.0, "popularity": 259.424, "vote_count": 17387, "tagline": null, "backdrop_path": "/14QbnygCuTO0vl7CAFmPf1fgZfV.jpg", "poster_path": "/voddFVdjUoAtfoZZp2RUmuZILDI.jpg", "release_date": "2021-12-15", "runtime": null, "genres": [12, 28, 878]}}, {"model": "movies.movie", "pk": 638974, "fields": {"title": "머더 미스터리 2", "overview": "결혼식에서 억만장자 신랑이 납치당한 사건. 탐정 사무소를 차린 닉과 오드리 스피츠에게 이보다 더 대박인 사건은 없을 것.", "vote_average": 6.6, "popularity": 492.763, "vote_count": 1070, "tagline": null, "backdrop_path": "/bT3IpP7OopgiVuy6HCPOWLuaFAd.jpg", "poster_path": "/fLuop1cvcHaZ4ayyzC8SqrUiCX.jpg", "release_date": "2023-03-28", "runtime": null, "genres": [35, 80]}}, {"model": "movies.movie", "pk": 640146, "fields": {"title": "앤트맨과 와스프: 퀀텀매니아", "overview": "슈퍼히어로 파트너인 스캇 랭과 호프 반 다인, 호프의 부모 재닛 반 다인과 행크 핌, 그리고 스캇의 딸 캐시 랭까지 미지의 양자 영역 세계 속에 빠져버린 앤트맨 패밀리. 그 곳에서 새로운 존재들과 무한한 우주를 다스리는 정복자 캉을 만나며, 그 누구도 예상 못 한 모든 것의 한계를 뛰어넘는 모험을 시작하게 되는데…", "vote_average": 6.515, "popularity": 2495.741, "vote_count": 2857, "tagline": "모든 것을 지배할 정복자가 온다", "backdrop_path": "/m8JTwHFwX7I7JY5fPe4SjqejWag.jpg", "poster_path": "/sz6mTIDDQmR3DYgJudiTmoW2gR5.jpg", "release_date": "2023-02-15", "runtime": "125", "genres": [12, 28, 878]}}, {"model": "movies.movie", "pk": 643215, "fields": {"title": "아스테릭스 & 오벨릭스: 더 미들 킹덤", "overview": "", "vote_average": 4.8, "popularity": 388.231, "vote_count": 378, "tagline": null, "backdrop_path": "/h1gxz6U2HdDf0AMFXnehz0Muoup.jpg", "poster_path": "/hZvqv0iRg5S3Aqw3HjXw7gShG6g.jpg", "release_date": "2023-02-01", "runtime": null, "genres": [12, 35, 10751]}}, {"model": "movies.movie", "pk": 646389, "fields": {"title": "플레인", "overview": "평소와 다를 것 없던 어느 날, 기장 토렌스는 비행기 운행 중 거대한 폭풍우를 만나 정체모를 섬에 불시착한다. 살아남았다는 기쁨도 잠시, 비행기를 탈취하려는 무장단체의 인질극이 시작되고 토렌스는 탑승객 중 가장 피해야 할 의문의 살인범 가스파레와 손을 잡고 승객들과 함께 탈출을 시도하는데… 무장단체의 표적은 단 하나, 토렌스와 탑승객들! 목숨을 건 위험한 탈출 작전이 시작된다!", "vote_average": 6.9, "popularity": 307.174, "vote_count": 1228, "tagline": null, "backdrop_path": "/uO28ZohBXYQ35rAZCG8hacsTcV0.jpg", "poster_path": "/8XDLgSlM6hb01iEWNRbqxKdFnGD.jpg", "release_date": "2023-01-12", "runtime": null, "genres": [12, 28, 53]}}, {"model": "movies.movie", "pk": 647250, "fields": {"title": "The Machine", "overview": "", "vote_average": 0.0, "popularity": 39.033, "vote_count": 0, "tagline": null, "backdrop_path": "/1zvy8hx4ZDnjS71IHtj1PtutriP.jpg", "poster_path": "/e0A2P1foD02lxgrF5lFelD47MmU.jpg", "release_date": "2023-05-25", "runtime": null, "genres": [28, 35, 80]}}, {"model": "movies.movie", "pk": 649609, "fields": {"title": "렌필드", "overview": "정년 보장 + 평생 직장의 대가는 밤낮없는 24시간 FULL 근무? 사내 복지는 만성 피로, 불면증, 소화불량, 짙은 다크서클입니다! 불멸의 삶과 폭발적인 힘의 대가는 악당용 배민이 되는 것?! ‘드라큘라’에게 취업 사기를 당하고 24시간 밤낮없이 그에게 순결한 제물을 바치는 직속비서 ‘렌필드’는 남들과 다른 특별한 꼰대 상사에 점차 피폐해져 간다. 그러던 어느 날, 여느 때처럼 ‘드라큘라’에게 바칠 제물을 찾던 중 자신의 인생을 뒤바꿔줄 친구 ‘레베카’를 만나게 되고 지금껏 가슴 한 켠에 숨 죽여 있었던 퇴사의 희망을 발견하게 되는데.. 과연 퇴사 없는 종신계약에서 ‘렌필드’는 벗어날 수 있을까?  슈퍼 을(乙) ‘렌필드’, 자네 꿈이 뭔가? “이 지독한 관계에서 벗어나고 싶어요! 퇴사하겠습니다!”", "vote_average": 7.0, "popularity": 806.958, "vote_count": 466, "tagline": null, "backdrop_path": "/e7FzphKs5gzoghDotAEp2FeP46u.jpg", "poster_path": "/wJXgQ3FgVIyVUwdoaKoeobET3po.jpg", "release_date": "2023-04-07", "runtime": null, "genres": [14, 27, 35]}}, {"model": "movies.movie", "pk": 667538, "fields": {"title": "트랜스포머: 비스트의 서막", "overview": "화려한 액션과 스펙터클로 전 세계를 사로잡은 영화 <트랜스포머> 시리즈의 신작 <트랜스포머: 비스트의 서막>은 1990년대의 지구를 배경으로 벌어지는 오토봇과 디셉티콘의 전투 그리고 새롭게 등장하는 캐릭터들인 맥시멀을 선보일 예정이다.", "vote_average": 0.0, "popularity": 251.178, "vote_count": 0, "tagline": null, "backdrop_path": "/rH3jY9JN9krUyE0Q3WLNtujMs8.jpg", "poster_path": "/chUZNPNd7EiETSB4xBGykXhuXRr.jpg", "release_date": "2023-06-06", "runtime": null, "genres": [12, 28, 878]}}, {"model": "movies.movie", "pk": 676710, "fields": {"title": "어메이징 모리스", "overview": "신기한 능력으로 성공적인 사기 행각을 이어가던 모리스와 친구들! 4차원 소녀 ‘멜리시아’에게 정체가 탄로나 어쩔 수 없이 그녀를 도와 마을에 숨겨진 비밀을 찾아 나선 그들은 세상을 지배하려는 절대악 ‘쥐마왕’의 음모를 알아채지만 뜻하지 않은 위험에 처한다. 가까스로 잡혀있던 ‘복숭아’를 구해낸 모리스와 친구들은 마을에서 탈출을 시도하고, 멜리시아는 허당 피리꾼 ‘키이스’와 함께 쥐마왕에게 맞서기 위해 진짜 마술피리를 찾아나서는데..  쥐마왕의 정체는 과연 무엇? 그리고 모리스와 친구들은 무사히 마을에서 벗어날 수 있을 것인가?!", "vote_average": 7.0, "popularity": 202.174, "vote_count": 79, "tagline": null, "backdrop_path": "/70aVSo3fuZ94jyQ3rT64afEf8lV.jpg", "poster_path": "/m4gi3r7JizAaURreUqjCk306vxz.jpg", "release_date": "2022-12-16", "runtime": null, "genres": [12, 14, 16, 35, 10751]}}, {"model": "movies.movie", "pk": 677179, "fields": {"title": "크리드 3", "overview": "록키의 후계자인 크리드는 월드 챔피언으로 권투계를 장악한 후 완벽한 삶을 살던 중 과거 친형제 같았던 데미안과 재회한다. 오랜 시간 감옥 생활을 마치고 나온 데미안은 그가 꿈꾸던 인생을 사는 크리드와 충돌하며 그의 모든 것을 빼앗으려 하고, 크리드는 이에 맞서 자신의 미래를 지키기 위한 일생일대의 대결을 준비하는데…", "vote_average": 7.3, "popularity": 1067.154, "vote_count": 1420, "tagline": null, "backdrop_path": "/5i6SjyDbDWqyun8klUuCxrlFbyw.jpg", "poster_path": "/56HGRCoEY2OmO1yZro77IvldDpE.jpg", "release_date": "2023-03-01", "runtime": null, "genres": [18, 28]}}, {"model": "movies.movie", "pk": 678287, "fields": {"title": "마마듀크", "overview": "사고뭉치 장난꾸러기 마마듀크. 따뜻한 마음씨를 지녔지만 늘 말썽이 끊이지 않는데. 화려한 도그 쇼 세계에서 빛나는 데 필요한 자질이 과연 마마듀크에게 있을까?", "vote_average": 5.4, "popularity": 23.98, "vote_count": 61, "tagline": null, "backdrop_path": "/2xYI955f3jD9nUqy9XtsqJ9DsLE.jpg", "poster_path": "/3ILOmYo7dBnrrHU7E9hSBcCR7AV.jpg", "release_date": "2022-04-28", "runtime": null, "genres": [12, 16, 35, 10751]}}, {"model": "movies.movie", "pk": 682152, "fields": {"title": "버닝 데이즈", "overview": "", "vote_average": 7.2, "popularity": 14.379, "vote_count": 39, "tagline": null, "backdrop_path": "/74ZLIVv3ES8v74sxd7HXphZYnrP.jpg", "poster_path": "/3bcxQtrTYvHnHrThrXrFQZmjC2H.jpg", "release_date": "2022-12-09", "runtime": null, "genres": [18, 53, 80]}}, {"model": "movies.movie", "pk": 697843, "fields": {"title": "익스트랙션 2", "overview": "전작에서 겨우 살아남은 레이크. 호주 비밀 작전 용병으로 귀환한 그가 또다시 죽음의 문턱을 넘나드는 임무를 맡게 된다. 무자비한 조지아 갱스터의 가족이 구금됐다. 온갖 고초를 겪고 있는 그들을 감옥에서 구출하라.", "vote_average": 0.0, "popularity": 142.644, "vote_count": 0, "tagline": null, "backdrop_path": "/wYYVBBK3O8sb7J4WxkRx1bI7Q8c.jpg", "poster_path": "/qgnX4UbqvI8p1sAQFccrzcgrSBC.jpg", "release_date": "2023-06-09", "runtime": null, "genres": [28, 53]}}, {"model": "movies.movie", "pk": 700391, "fields": {"title": "65", "overview": "우주 비행 중 행성과의 치명적인 충돌이 일어난 후, 조종사 밀스와 유일한 탑승 생존자 코아는 6,500만 년 전 공룡의 시대 지구에 불시착한다.  모든 것이 위험과 죽음과 맞닿아 있는 상황, 그들은 거대한 행성과의 충돌 전, 반드시 지구를 탈출해야만 한다!", "vote_average": 6.3, "popularity": 397.902, "vote_count": 1087, "tagline": null, "backdrop_path": "/eEF40Xk2twM3WjRNZftfo771gjv.jpg", "poster_path": "/o9ItQpKVvhGcAcJFyIpFM7YYKuv.jpg", "release_date": "2023-03-02", "runtime": null, "genres": [12, 53, 878]}}, {"model": "movies.movie", "pk": 713704, "fields": {"title": "이블 데드 라이즈", "overview": "길바닥에서 지친 베스가 비좁은 아파트에서 세 아이를 키우는 엘리를 뒤늦게 찾아간다. 아파트에서 신비로운 책이 발견되며 육체에 사로잡힌 악마가 발견되며, 베스가 가장 악몽 같은 버전의 모성애에 직면하게 되면서 생존에 위한 원초적인 싸움에 내몰리게 되는데...", "vote_average": 7.087, "popularity": 2789.156, "vote_count": 1256, "tagline": "", "backdrop_path": "/aAgGrfBwna1nO4M2USxwFgK5O0t.jpg", "poster_path": "/5ik4ATKmNtmJU6AYD0bLm56BCVM.jpg", "release_date": "2023-04-12", "runtime": "96", "genres": [14, 27, 53]}}, {"model": "movies.movie", "pk": 717930, "fields": {"title": "칸다하르", "overview": "", "vote_average": 6.0, "popularity": 74.587, "vote_count": 3, "tagline": null, "backdrop_path": "/igXrblWrU1uaC09VKyquHHSebr.jpg", "poster_path": "/lCanGgsqF4xD2WA5NF8PWeT3IXd.jpg", "release_date": "2023-05-25", "runtime": null, "genres": [28, 53]}}, {"model": "movies.movie", "pk": 723294, "fields": {"title": "Un tour chez ma fille", "overview": "", "vote_average": 5.5, "popularity": 9.532, "vote_count": 89, "tagline": null, "backdrop_path": "/eRKHZ4DGwJur2dCX03ILhmnnWma.jpg", "poster_path": "/hG4yUTzeWk7728l1C0xZzKLIPtJ.jpg", "release_date": "2021-06-16", "runtime": null, "genres": [35]}}, {"model": "movies.movie", "pk": 727340, "fields": {"title": "헌트", "overview": "북한 고위 관리가 망명을 요청한 이후, 안기부 해외팀 차장 박평호와 국내팀 차장 김정도는 동림으로 알려진 안기부 내 스파이, 남파간첩 총책임자를 밝혀내는 임무를 맡는다. 이윽고 동림이 국가 안보를 위태롭게 할 1급 비밀 정보를 누설하기 시작하고 안기부의 해외팀과 국내팀은 서로를 조사하기에 이른다. 당장 스파이를 밝혀내지 못하면 자신이 혐의를 받을 수 있는 일촉즉발의 상황에서 평호와 정도는 서서히 진실을 찾아내고, 마침내 대한민국 1호 암살 작전이라는 거대한 사건과 직면하게 되는데...", "vote_average": 6.8, "popularity": 611.421, "vote_count": 79, "tagline": null, "backdrop_path": "/aRJjCgp4uVUkXhDw8NClesQXbt3.jpg", "poster_path": "/owt8hAoRxyK2tkLj9G0nh0r3Vpr.jpg", "release_date": "2022-08-10", "runtime": null, "genres": [28, 53]}}, {"model": "movies.movie", "pk": 730629, "fields": {"title": "존 윅 5", "overview": "", "vote_average": 0.0, "popularity": 203.929, "vote_count": 0, "tagline": null, "backdrop_path": null, "poster_path": null, "release_date": null, "runtime": null, "genres": [12, 28, 53, 80]}}, {"model": "movies.movie", "pk": 736790, "fields": {"title": "내 친구 추파카브라", "overview": "멕시코에 사는 가족을 방문한 10대 소년 알렉스는 할아버지의 헛간에 숨어 있는 신비한 생명체, 어린 추파카브라를 발견한다. 그리고 뜻밖에 만나게 된 이 친구를 구하기 위해 사촌들과 함께 일생일대의 모험을 떠나기로 한다.", "vote_average": 6.5, "popularity": 297.59, "vote_count": 232, "tagline": null, "backdrop_path": "/aityu1Gma509jInlspHstEt8Jg0.jpg", "poster_path": "/onSDW6Obvkh5RKGXMrS6i8YI9Aw.jpg", "release_date": "2023-04-07", "runtime": null, "genres": [12, 14, 10751]}}, {"model": "movies.movie", "pk": 747188, "fields": {"title": "애스터로이드 시티", "overview": "할리우드 대표 비주얼리스트 웨스 앤더슨 감독의 신작으로, 가상의 사막 도시 ‘애스터로이드 시티’에 모인 이들이 우연한 사건으로 인해 도시에 격리되면서 벌어지는 이야기", "vote_average": 0.0, "popularity": 43.781, "vote_count": 0, "tagline": null, "backdrop_path": "/dExUxMWt0UjS93waeCGYeDr1D7m.jpg", "poster_path": "/hmqczDa2B81Znu4QUUxCv8I6Yfd.jpg", "release_date": "2023-06-09", "runtime": null, "genres": [18, 35, 878, 10749]}}, {"model": "movies.movie", "pk": 747355, "fields": {"title": "스와핑: 두 부부의 이혼여행", "overview": "", "vote_average": 6.3, "popularity": 157.579, "vote_count": 6, "tagline": null, "backdrop_path": "/6UQZkEA9WIj73LChP4wdPP9xHo6.jpg", "poster_path": "/wESfP4ZeBbwjjFw2tql4Bqx101Q.jpg", "release_date": "2020-08-28", "runtime": null, "genres": [18]}}, {"model": "movies.movie", "pk": 758009, "fields": {"title": "샷건 웨딩", "overview": "‘다아시’(제니퍼 로페즈)와 ‘톰’(조쉬 더하멜)의 결혼식 당일, 우여곡절 끝에 결혼식에 참석할 모두가 섬에 모인다. 모든 게 순조로워 보이던 그때!  갑자기 들이닥친 해적으로 인해 결혼식장의 모두가 인질이 되고… ‘다아시’와 ‘톰’은 무사히 혼인서약을 마치기 위해 목숨을 건 버진 로드를 걷게 되는데…  죽이든가, 죽든가! 2023년 3월, 가장 화X한 웨딩이 온다!", "vote_average": 6.4, "popularity": 272.066, "vote_count": 825, "tagline": null, "backdrop_path": "/zGoZB4CboMzY1z4G3nU6BWnMDB2.jpg", "poster_path": "/aGhII6CTTvpZwnElzAUB7ZbgjTN.jpg", "release_date": "2022-12-28", "runtime": null, "genres": [28, 35, 10749]}}, {"model": "movies.movie", "pk": 758323, "fields": {"title": "엑소시스트: 더 바티칸", "overview": "바티칸이 인정한 공식 수석 엑소시스트이자 최고의 구마사제 '가브리엘 아모르트’ 신부(러셀 크로우)는 한 어린 소년에게 들린 악마를 구마하기 위해 스페인으로 향한다. 그리고 그곳에서 바티칸이 숨겨온 충격적인 비밀과 마주하고, '토마스 에스퀴벨’ 신부(다니엘 조바토)와 함께 진실을 파헤치게 되는데...", "vote_average": 7.2, "popularity": 1564.795, "vote_count": 1131, "tagline": null, "backdrop_path": "/hiHGRbyTcbZoLsYYkO4QiCLYe34.jpg", "poster_path": "/fA1xRPplBqW87wWh0hO1pwbQmX8.jpg", "release_date": "2023-04-05", "runtime": null, "genres": [14, 27, 53]}}, {"model": "movies.movie", "pk": 758336, "fields": {"title": "러브 어게인", "overview": "", "vote_average": 6.1, "popularity": 69.082, "vote_count": 23, "tagline": null, "backdrop_path": "/ztWbwSlQNduTUFomNP2GnTPduFm.jpg", "poster_path": "/usfDx1g1eN9eZ8kxfrbLRkKVjit.jpg", "release_date": "2023-05-04", "runtime": null, "genres": [18, 35, 10749]}}, {"model": "movies.movie", "pk": 785759, "fields": {"title": "투 위치스", "overview": "임신한 새라는 식당에서 사악한 눈빛으로 노려보는 늙은 마녀와 마주친다. 그 후 새라는 아기가 잡아 먹히는 끔찍한 환상과 악몽에 시달린다. 늙은 마녀는 남편의 친구 더스틴의 집으로 가는 새라를 뒤따른다. 새라는 남편 사이먼과 함께 더스틴과 멜리사 부부의 외딴집에 도착한다. 주술에 빠져 있는 멜리사는 새라를 위해 위자 보드로 영을 소환한다. 얼마 후 나쁜 기운을 없애는 양초의 촛불이 저절로 꺼지고 화장실 앞에서 넋을 잃고 서 있던 새라는 아무것도 기억하지 못한다. 어둠 속에서 늙은 마녀가 아기를 먹는 모습을 본 사이먼은 심장마비로 사망한다. 새라가 어딘가로 사라지고 더스틴과 멜리사가 혼란에 빠진 가운데 경찰은 사이먼의 죽음과 새라의 실종을 가정폭력 때문이라고 발표한다. 악마가 새라의 태아를 먹은 늙은 마녀에게 안식을 허락하는데...", "vote_average": 6.4, "popularity": 453.538, "vote_count": 55, "tagline": null, "backdrop_path": "/wUwFMnbFxuDfcRSGGT7QQIGDRrH.jpg", "poster_path": "/uL9fFTdNmUUlKIJfHJclN5X3bxH.jpg", "release_date": "2023-03-02", "runtime": null, "genres": [27]}}, {"model": "movies.movie", "pk": 788977, "fields": {"title": "보이 프롬 헤븐", "overview": "대이맘 (수니파 이슬람 율법의 최고 권위자) 선거를 앞두고 이집트의 정치인들은 ‘최적임자’로 생각되는 인물이 반드시 선출될 수 있도록 발 빠르게 움직인다. 어부의 아들로 태어나 국비 장학금을 받고 카이로의 대학에 진학한 아담은 위협적인 권모술수가 난무하는 소용돌이에 휘말리게 된다.", "vote_average": 6.8, "popularity": 13.067, "vote_count": 131, "tagline": null, "backdrop_path": "/5pUJhaYpDdmOiyMvCh3G1R6G1wi.jpg", "poster_path": "/af4I0CX44HwabTmh2WcafQoJ23R.jpg", "release_date": "2022-10-26", "runtime": null, "genres": [18, 53]}}, {"model": "movies.movie", "pk": 796185, "fields": {"title": "삼총사: 다르타냥", "overview": "", "vote_average": 7.4, "popularity": 36.616, "vote_count": 334, "tagline": null, "backdrop_path": "/pcZuGnZm4tSn9slGrsveEvFeM3N.jpg", "poster_path": "/lm0pfF0HSLsSpFlhGCmR6Bhl8EE.jpg", "release_date": "2023-04-05", "runtime": null, "genres": [12, 18, 36]}}, {"model": "movies.movie", "pk": 798286, "fields": {"title": "보 이즈 어프레이드", "overview": "편집증을 앓는 ‘보’와 그를 집착적으로 사랑하는 엄마 ‘모나’  엄마를 무조건 만나러 가야 하는 보의 기억과 환상,  현실이 뒤섞인 공포를 경험하게 되는 기이한 여정", "vote_average": 7.2, "popularity": 50.662, "vote_count": 243, "tagline": null, "backdrop_path": "/2XzuzOuuwoyynm9vu6yOQrhfM36.jpg", "poster_path": "/pU8F9qKSoiqcv1nnaYezBzp7MoZ.jpg", "release_date": "2023-04-14", "runtime": null, "genres": [12, 14, 35]}}, {"model": "movies.movie", "pk": 799379, "fields": {"title": "늑대사냥", "overview": "동남아시아로 도피한 인터폴 수배자들을 이송할 움직이는 교도소 프론티어 타이탄. 극악무도한 이들과 베테랑 형사들이 필리핀 마닐라 항구에 모이고 탈출을 꿈꾸는 종두, 한국으로 돌아가야만 하는 도일을 비롯해 이들은 각자의 목적과 경계심을 품고 탑승한다. 한국으로 향하던 중, 태평양 한 가운데에서 이들에게는 지금까지 보지 못한 극한의 상황과 마주하게 되는데…", "vote_average": 6.5, "popularity": 97.483, "vote_count": 134, "tagline": null, "backdrop_path": "/kyeqDT2cFhTmwlvtuQY3n2W6Vf3.jpg", "poster_path": "/op2y1gvqKhAh4yAPLwc4PlX3XRv.jpg", "release_date": "2022-09-21", "runtime": null, "genres": [12, 27, 28, 53]}}, {"model": "movies.movie", "pk": 800301, "fields": {"title": "왓츠 러브 갓 투 두 위드 잇?", "overview": "", "vote_average": 6.3, "popularity": 41.52, "vote_count": 58, "tagline": null, "backdrop_path": "/8c9c4xg0IdXDg627uQF35K54VpC.jpg", "poster_path": "/14fGGPAL5PQxuesjO4CFoDJEH5G.jpg", "release_date": "2023-01-26", "runtime": null, "genres": [35, 10749]}}, {"model": "movies.movie", "pk": 801112, "fields": {"title": "Rapito", "overview": "", "vote_average": 0.0, "popularity": 21.111, "vote_count": 0, "tagline": null, "backdrop_path": "/12GAm3EiHUUeCB5mk3NphURUh1R.jpg", "poster_path": "/pu1uLeMQtWqEtXfRopybQ78qLBG.jpg", "release_date": "2023-05-25", "runtime": null, "genres": [18, 36]}}, {"model": "movies.movie", "pk": 803700, "fields": {"title": "여덟 개의 산", "overview": "여덟 개의 산과 바다를 여행하는 자와, 태산의 정상에 오른 자 중에 누가 더 큰 깨달음을 얻었을까? 멀리 네팔을 떠도는 피에트로는, 후자의 삶을 갈망했던 아버지와 산의 무게를 껴안은 친구 브루노의 삶을 생각한다.", "vote_average": 7.8, "popularity": 19.983, "vote_count": 320, "tagline": null, "backdrop_path": "/hag9edxgL2RgG9FMfqAV0KgjPK0.jpg", "poster_path": "/yzgP42SQVV9fy6habr2A7WyGkVr.jpg", "release_date": "2022-12-21", "runtime": null, "genres": [18]}}, {"model": "movies.movie", "pk": 804095, "fields": {"title": "파벨만스", "overview": "난생 처음 극장에서 스크린을 마주한 순간부터 영화와 사랑에 빠진 소년 ‘새미’(가브리엘 라벨). 아빠 ‘버트’(폴 다노)의 8mm 카메라를 들고 일상의 모든 순간을 담기 위해 열중하던 새미는 우연히 필름에 포착된 가족의 비밀을 알게 되고 충격에 휩싸인다. 진실을 비추는 필름의 힘을 실감한 새미에게 크고 작은 삶의 변화가 일어나고 엄마 ‘밋지’(미셸 윌리엄스)의 응원으로 영화를 향한 열정은 더욱 뜨거워져만 가는데… 영원히 간직하고픈 기억, 영화의 모든 순간과 사랑에 빠진다!", "vote_average": 7.8, "popularity": 34.562, "vote_count": 1406, "tagline": null, "backdrop_path": "/xQyGkQ8ICa4lgifGr3oZjkm3AJ2.jpg", "poster_path": "/5CnS0yIkuLZbvUa0Nl4E5HIFxvs.jpg", "release_date": "2022-11-11", "runtime": null, "genres": [18]}}, {"model": "movies.movie", "pk": 804150, "fields": {"title": "코카인 베어", "overview": "1985년 마약 밀매업자의 비행기 추락 사고로 인해 비행기에 실려있던 코카인이 조지아주 채터후치 국유림에 떨어지고 코카인을 손에 넣기 위한 마약상들과 관광객들이 코카인을 먹은 흑곰에 의해 처참하게 죽임을 당한다는 내용의 실화를 바탕으로 한 영화", "vote_average": 6.3, "popularity": 448.137, "vote_count": 1071, "tagline": null, "backdrop_path": "/qUOJGvH8L31HL2b9Q6DGNPGCCI0.jpg", "poster_path": "/gOnmaxHo0412UVr1QM5Nekv1xPi.jpg", "release_date": "2023-02-22", "runtime": null, "genres": [35, 53, 80]}}, {"model": "movies.movie", "pk": 806929, "fields": {"title": "이매큘러트 룸", "overview": "사랑하는 연인 마이키와 케이트는 500만 달러를 벌기 위해 아무 것도 없는 하얀 이매큘러트 룸에서 50일간 고립된 생활에 도전한다.", "vote_average": 5.6, "popularity": 23.372, "vote_count": 52, "tagline": null, "backdrop_path": "/bLmBVRkfL8STcix6N5kAVZvVUtZ.jpg", "poster_path": "/8L3Kb4C7h1g8L1I3OP5aUWHHMRG.jpg", "release_date": "2022-08-19", "runtime": null, "genres": [18, 53, 878, 9648]}}, {"model": "movies.movie", "pk": 809787, "fields": {"title": "마피아 마마", "overview": "", "vote_average": 7.1, "popularity": 39.048, "vote_count": 46, "tagline": null, "backdrop_path": "/gGZxCy9keK0D6TxbmS8GJj85Ut4.jpg", "poster_path": "/zi0Lrmtvhrz52VXUjwEKlXItF9q.jpg", "release_date": "2023-04-13", "runtime": null, "genres": [35, 80]}}, {"model": "movies.movie", "pk": 813477, "fields": {"title": "신 가면라이더", "overview": "", "vote_average": 7.6, "popularity": 8.702, "vote_count": 5, "tagline": null, "backdrop_path": "/qlMxGBZx3EFpd7yjw2UxkjnEiqO.jpg", "poster_path": "/h8zP8C2mKFfwsHhNgxMzJeHEL4d.jpg", "release_date": "2023-03-17", "runtime": null, "genres": [28, 878]}}, {"model": "movies.movie", "pk": 816904, "fields": {"title": "머미즈", "overview": "고대 세 명의 미라가 고고학자 카나비 경이 훔친 왕실 소유의 오래된 반지를 찾기 위해 런던으로 떠난 여정을 그린 애니메이션", "vote_average": 7.2, "popularity": 354.192, "vote_count": 295, "tagline": null, "backdrop_path": "/c3hl9E8E7b9opXDFVF5tSyk0ykr.jpg", "poster_path": "/g5vkJAPj4XFlaOXZMYE97LZ7lns.jpg", "release_date": "2023-01-05", "runtime": null, "genres": [12, 14, 16, 35, 10751]}}, {"model": "movies.movie", "pk": 826942, "fields": {"title": "스핀 미 라운드", "overview": "", "vote_average": 5.0, "popularity": 150.162, "vote_count": 54, "tagline": null, "backdrop_path": "/koSIWq7ra4MAw5QBtbgs4kINKws.jpg", "poster_path": "/oQ3EWU329YDGi4BOrEHpopq0BZi.jpg", "release_date": "2022-08-19", "runtime": null, "genres": [35, 10749]}}, {"model": "movies.movie", "pk": 829051, "fields": {"title": "어바웃 마이 파더", "overview": "", "vote_average": 0.0, "popularity": 41.684, "vote_count": 0, "tagline": null, "backdrop_path": "/8W89QHsRBsonf8PyWdqdfGnOowp.jpg", "poster_path": "/gNn05j3NIZ0sCkara0PNU5dmkTn.jpg", "release_date": "2023-05-25", "runtime": null, "genres": [35]}}, {"model": "movies.movie", "pk": 829165, "fields": {"title": "Menteur", "overview": "", "vote_average": 4.9, "popularity": 191.308, "vote_count": 151, "tagline": null, "backdrop_path": "/qyrEJPKDvj1rC0lvtSzGOuwaZ0J.jpg", "poster_path": "/w6EAjkucZq2NbmsiCNHm8mMaPyZ.jpg", "release_date": "2022-07-13", "runtime": null, "genres": [35]}}, {"model": "movies.movie", "pk": 829503, "fields": {"title": "지지 & 네이트", "overview": "", "vote_average": 8.1, "popularity": 325.311, "vote_count": 57, "tagline": null, "backdrop_path": "/odbZxn4qPWqCdTU5EZw4324k8Rq.jpg", "poster_path": "/xP1GXV1gms9b5BpHZP7S8qs8FO.jpg", "release_date": "2022-09-02", "runtime": null, "genres": [18]}}, {"model": "movies.movie", "pk": 840326, "fields": {"title": "시수", "overview": "라플란드의 황야 깊은 곳에서 금을 찾던 아타미 코피는 나치 순찰대를 우연히 만나게 되고, 파괴되고 채굴된 라플란드 황야를 가로지르는 숨막히는 추격전이 시작된다.", "vote_average": 7.4, "popularity": 3772.35, "vote_count": 303, "tagline": null, "backdrop_path": "/94TIUEhuwv8PhdIADEvSuwPljS5.jpg", "poster_path": "/uCAaaAQEDrTllYR4dtsEsfQa8We.jpg", "release_date": "2023-01-27", "runtime": null, "genres": [28, 10752]}}, {"model": "movies.movie", "pk": 842544, "fields": {"title": "트랜스퓨전", "overview": "", "vote_average": 6.3, "popularity": 189.509, "vote_count": 165, "tagline": null, "backdrop_path": "/a4I481szRmycyreQTLrRe4f4YJe.jpg", "poster_path": "/bxh5xCCW9Ynfg6EZJWUkc1zqTnr.jpg", "release_date": "2023-01-05", "runtime": null, "genres": [80]}}, {"model": "movies.movie", "pk": 842675, "fields": {"title": "유랑지구 2", "overview": "태양계 소멸의 위기를 맞은 인류는 지구 표면에 거대한 엔진을 달아 궤도를 옮기는 ‘유랑지구 프로젝트’에 돌입한다. 하지만, 데이터베이스로 영생을 가지려는 ‘디지털 라이프’와 대립하게 되며 프로젝트는 난관에 부딪히게 되고, 그 과정 속 달과의 충돌이라는 예상치 못한 대재앙에 놓이게 되는데… 살아남기 위한 선택은 단 하나, 달을 파괴하라!", "vote_average": 7.1, "popularity": 1862.527, "vote_count": 218, "tagline": null, "backdrop_path": "/qElNES0sHVQcbzvGrTx7ccpGzij.jpg", "poster_path": "/pajq0n6FZivirCg1ifpe4zYKvsA.jpg", "release_date": "2023-01-22", "runtime": null, "genres": [18, 28, 878]}}, {"model": "movies.movie", "pk": 842945, "fields": {"title": "슈퍼셀", "overview": "", "vote_average": 6.2, "popularity": 270.481, "vote_count": 155, "tagline": null, "backdrop_path": "/xmcPahH2mOkDAsIifOKoCacKhrw.jpg", "poster_path": "/gbGHezV6yrhua0KfAgwrknSOiIY.jpg", "release_date": "2023-03-17", "runtime": null, "genres": [28]}}, {"model": "movies.movie", "pk": 849869, "fields": {"title": "길복순", "overview": "청부살인이 본업이지만 겉으로 보기에는 평범한 이벤트 회사인 MK 소속 킬러 길복순은 작품은 반드시 완수해 내는 성공률 100%의 킬러이자, 10대 딸을 둔 엄마다. 업계에서는 아무도 범접할 수 없는 에이스지만, 딸 재영과의 관계는 서툴기만 한 싱글맘인 그는 자신과 딸 사이의 벽을 허물기 위해 퇴사까지 결심한다. MK 대표 차민규의 재계약 제안의 답을 미룬 채, 마지막 작품에 들어간 복순은 임무에 숨겨진 진실을 알게 된 후, 회사가 허가한 일은 반드시 시도해야 한다는 규칙을 어기게 된다. 그 소식을 들은 MK는 물론, 모든 킬러들의 타겟이 되고야 마는데…", "vote_average": 6.9, "popularity": 201.263, "vote_count": 255, "tagline": null, "backdrop_path": "/tYcmm8XtzRdcT6kliCbHuWwLCwB.jpg", "poster_path": "/1MQoYvEIvsCZMpTuBlWfbaliJes.jpg", "release_date": "2023-02-17", "runtime": null, "genres": [28, 53, 80]}}, {"model": "movies.movie", "pk": 868759, "fields": {"title": "고스팅", "overview": "선량한 남자 콜은 수수께끼 같은 세이디에게 푹 빠지지만 곧 그녀가 비밀 요원이라는 충격적인 사실을 알게 된다. 두 번째 데이트 약속을 하기도 전에 콜과 세이디는 세상을 구하기 위한 국제적 모험에 휩쓸린다.", "vote_average": 7.0, "popularity": 1270.971, "vote_count": 862, "tagline": null, "backdrop_path": "/cXQmssIyFDWAD84wDy7p2G3QIaQ.jpg", "poster_path": "/zCsg0CgncQkLiAgk1zkmt15OhM8.jpg", "release_date": "2023-04-18", "runtime": null, "genres": [28, 35, 10749]}}, {"model": "movies.movie", "pk": 868985, "fields": {"title": "멕시코 만세?", "overview": "광부였던 할아버지가 죽은 뒤 아내와 아이들을 데리고 고향으로 향한 판초. 그곳에서 유산 상속 문제로 친척들과 한바탕 난리를 치르게 되는데.", "vote_average": 7.4, "popularity": 465.718, "vote_count": 79, "tagline": null, "backdrop_path": "/3uHDuQCoJQ6DhRlI3frd7p9WSE2.jpg", "poster_path": "/ieyUpr5ES9QEz1cn4clCnBf9XJl.jpg", "release_date": "2023-03-23", "runtime": null, "genres": [18, 35]}}, {"model": "movies.movie", "pk": 869612, "fields": {"title": "마스터 가드너", "overview": "나블 로스는 남편을 떠나보낸 부유한 귀부인인 고용주 해버힐의 비위를 열성적으로 맞추며 그녀의 아름다운 사유지 땅을 가꾸는 데 여념이 없는 세심한 원예가다. 하지만 해버힐 부인이 거칠고 제멋대로인 자신의 조카 손녀를 그에게 떠맡기려 하면서 폭력으로 점철된 과거에 묻어 둔 그의 어두운 비밀들이 드러나기 시작한다.", "vote_average": 7.0, "popularity": 13.075, "vote_count": 3, "tagline": null, "backdrop_path": "/vfSsZ3AEht8v3S9n8udwzCJ4IAU.jpg", "poster_path": "/afkyHDaMblwX2F1zJzMrTnPsDUH.jpg", "release_date": "2023-05-19", "runtime": null, "genres": [18, 53, 80]}}, {"model": "movies.movie", "pk": 869626, "fields": {"title": "마르셀, 신발 신은 조개", "overview": "마르셀은 키가 1인치밖에 안 되는 귀여운 조개껍데기로, 할머니 코니, 애완용 보푸라기 앨런과 함께 다채로운 삶을 살아가고 있습니다. 한때는 거대한 조개 공동체의 일원이었지만, 지금은 미스터리한 비극의 유일한 생존자로 홀로 살아가고 있습니다. 하지만 한 다큐멘터리 영화감독이 에어비앤비 숙소의 어수선함 속에서 이들을 발견하고 온라인에 올린 단편 영화는 마르셀에게 수백만 명의 열렬한 팬을 확보하는 동시에 전례 없는 위험과 오랫동안 잃어버린 가족을 찾을 수 있다는 새로운 희망을 선사합니다.", "vote_average": 7.8, "popularity": 235.325, "vote_count": 274, "tagline": null, "backdrop_path": "/1PRWW60yQparK1I8Soyy9Evf7Dv.jpg", "poster_path": "/jaYmP4Ct8YLnxWAW2oYkUjeXtzm.jpg", "release_date": "2022-06-24", "runtime": null, "genres": [12, 16, 18, 35, 10751]}}, {"model": "movies.movie", "pk": 870518, "fields": {"title": "생츄어리", "overview": "", "vote_average": 7.3, "popularity": 29.048, "vote_count": 3, "tagline": null, "backdrop_path": "/rcOIIEoBTnKWR1BfJw9KbfaQCtl.jpg", "poster_path": "/yGQAZupyZgT2ESbBSMZ9R0OBToo.jpg", "release_date": "2023-04-06", "runtime": null, "genres": [18, 53]}}, {"model": "movies.movie", "pk": 875104, "fields": {"title": "엽문: 종사각성", "overview": "1915년, 고향 불산을 떠나 홍콩에서 학교를 다니게 된 엽문은 예전 고향 집에서 일하던 호보풍과 재회한다. 어느 날, 엽문과 호보풍은 인신매매 현장을 목격하고 영국인 악당 무리와 싸움을 벌이게 된다. 영국인 악당 우두머리인 스타크는 호보풍의 여동생을 납치하고서 인질을 풀어주는 대가로 중국 무술인 영춘권과 영국 무술인 바티츠의 공개 대결을 제안하는데...", "vote_average": 6.8, "popularity": 190.585, "vote_count": 11, "tagline": null, "backdrop_path": "/Xfn9eDOaZKSz5W3PRoJI928I9c.jpg", "poster_path": "/u5inEFexijeDQdytlkoSspIoWsU.jpg", "release_date": "2023-05-05", "runtime": null, "genres": [12, 18, 28, 36]}}, {"model": "movies.movie", "pk": 876792, "fields": {"title": "극장판 전생했더니 슬라임이었던 건에 대하여: 홍련의 인연편", "overview": "[템페스트]의 서쪽에 위치한 [라자 소아국]. 한때는 금 채굴로 번영했지만 지금은 번영의 그림자는 찾아볼 수조차 없고, 호수는 광산의 독에 오염되어 나라는 위기 상황에 처했다. 여왕 '토와'는 왕가에 대대로 전해 오는 왕관의 마력을 사용해 독을 제거하며 백성을 지키고 있었지만, 그 대가로 왕관에 걸려 있던 저주가 온몸에 퍼져 수명이 단축되고 있었다. 그러던 중, 템페스트에 갑자기 나타난 오거의 생존자 '히이로'. 베니마루 일행의 형님뻘이었다는 히이로는, 토와의 도움으로 살아남았던 것이었다. 자신을 구해 준 토와와 [라자 소아국]을 지키기 위해, 템페스트의 리무루에게 도움을 청하기 위해 온 히이로는 베니마루와 운명의 재회를 한다. 라자를 위기에서 구하기 위해, 그리고 토와에게 걸린 저주의 수수께끼를 풀기 위해, 리무루는 라자로 향하는데...... 그곳에는 놀라운 음모가 기다리고 있었다!", "vote_average": 7.7, "popularity": 256.245, "vote_count": 206, "tagline": null, "backdrop_path": "/g03h9TULzJZOoXA34Abp5LE7lvt.jpg", "poster_path": "/kHeX34lOrTM793hCiCS72cIYY6i.jpg", "release_date": "2022-11-25", "runtime": null, "genres": [12, 14, 16]}}, {"model": "movies.movie", "pk": 876797, "fields": {"title": "남은 인생 10년", "overview": "스무 살이 되던 해, 수 만명 중 1명이 걸리는 난치병으로 10년의 삶을 선고받은 ‘마츠리’는 삶의 의지를 잃은 ‘카즈토’를 만나 사랑에 빠진다. 처음 만난 봄, 즐거운 여름, 아름답던 가을, 깊어진 겨울까지 하루하루 애틋하게 사랑한 두 사람 하지만 쌓이는 추억만큼 줄어드는 시간 앞에 결국 ‘마츠리’는 ‘카즈토’를 떠나기로 결심하는데…", "vote_average": 7.1, "popularity": 77.348, "vote_count": 28, "tagline": null, "backdrop_path": "/4uij4drUitClyXihCyQJSklXvvv.jpg", "poster_path": "/y2Ucvit19UUfsdLKlYyDz2ZfToS.jpg", "release_date": "2022-03-04", "runtime": null, "genres": [18, 10749]}}, {"model": "movies.movie", "pk": 876969, "fields": {"title": "어쎄신 클럽", "overview": "오랫동안 킬러 생활을 하면서 무의미한 삶을 살던 모건은 소피를 만나면서부터 인간다운 인생을 꿈꾸기 시작한다. 그래서 고민 끝에 킬러 생활을 청산하려고 하지만, 자신도 모르는 사이에 자신이 누군가 설계한 킬러들의 RPG 게임에 합류했다는 사실을 깨닫는다. 플레이어는 총 7명. 처음에는 영문을 몰라 어리둥절해 하던 킬러들. 하지만 곧 전투본능을 되살려 돈과 목숨을 지키기 위해서 치열한 사투를 벌인다. 그렇게 죽고 죽이는 게임 끝에 마침내 단 두 명의 킬러만이 남는다. 바로 모건과 정체불명의 인물 포크! 포크는 게임 설계자를 찾아 제거하자고 하면서 모건에게 접근하는데... 과연 모건은 최후의 승리자가 되고 킬러들의 세계에서 벗어날 수 있을까?", "vote_average": 6.7, "popularity": 421.937, "vote_count": 60, "tagline": null, "backdrop_path": "/cYyUinLXRbQwE4PAt2mQLTGBqti.jpg", "poster_path": "/y2d2SBqK33mGOG2CqAYMo3YbWE4.jpg", "release_date": "2023-02-24", "runtime": null, "genres": [28, 53, 9648]}}, {"model": "movies.movie", "pk": 878361, "fields": {"title": "빅 조지 포먼", "overview": "", "vote_average": 7.2, "popularity": 105.976, "vote_count": 22, "tagline": null, "backdrop_path": "/z7RKwJrJ0V2pZZl4cVqGmjLgQHz.jpg", "poster_path": "/fdVd6thTstt0MQ4dUC1IXiOXpxv.jpg", "release_date": "2023-04-27", "runtime": null, "genres": [18, 36]}}, {"model": "movies.movie", "pk": 882569, "fields": {"title": "더 커버넌트", "overview": "아프가니스탄에서 적들에게 습격을 받아 죽을뻔했던 미 육군 병사가 현지 통역사의 도움과 노력으로 살아나 미국으로 돌아가게 되는데, 그 통역사와 가족은 약속대로 미국으로 오지 못한 사실을 알게 되자, 자신이 직접 그 가족들을 구하기 위해 아프가니스탄으로 향한다.", "vote_average": 7.6, "popularity": 1789.877, "vote_count": 310, "tagline": null, "backdrop_path": "/eTvN54pd83TrSEOz6wbsXEJktCV.jpg", "poster_path": "/aX0H63vho7rZ9Rm3I567Zf00Z1t.jpg", "release_date": "2023-04-19", "runtime": null, "genres": [28, 53, 10752]}}, {"model": "movies.movie", "pk": 884605, "fields": {"title": "노 하드 필링", "overview": "", "vote_average": 0.0, "popularity": 33.897, "vote_count": 0, "tagline": null, "backdrop_path": "/t0zJXqmx3BL2W934hnNk7gcF4Re.jpg", "poster_path": "/lNc6fevBhFn8iewgQeI8UgyPpy1.jpg", "release_date": "2023-06-15", "runtime": null, "genres": [35, 10749]}}, {"model": "movies.movie", "pk": 888479, "fields": {"title": "타임 이즈 업 2", "overview": "연인이 된 ‘비비안’과 ‘로이’는 미래를 함께 하기 위해, ‘로이’가 상속 받은 오래된 저택을 매각하기 위해 시칠리아에 간다. 바쁜 ‘로이’로 인해 혼자 남은 ‘비비안’은 우연히 ‘안나’를 치료해주고 친해진다. ‘로이’는 그런 ‘비비안’에게 마치 알고 있던 사람처럼 ‘안나’를 조심하라고 한다. ‘로이’의 행동이 과민반응이라고 생각하던 그때, ‘안나’에게서 ‘로이’와 똑같은 타투를 발견하게 되는데…", "vote_average": 6.4, "popularity": 20.095, "vote_count": 30, "tagline": null, "backdrop_path": "/1DHlDhf0PfCiLp0DFVZtwA8Wcub.jpg", "poster_path": "/ejQB1Fl9piVmsnXmgukbf2qTuAE.jpg", "release_date": "2023-03-16", "runtime": null, "genres": [18, 10749]}}, {"model": "movies.movie", "pk": 890215, "fields": {"title": "유 허트 마이 필링스", "overview": "", "vote_average": 0.0, "popularity": 22.042, "vote_count": 0, "tagline": null, "backdrop_path": "/sUwS1gq6KAnzUlhHETgg99Ae2iQ.jpg", "poster_path": "/do9UvkcDJeYbhYVoQPS00yOCYdc.jpg", "release_date": "2023-05-26", "runtime": null, "genres": [18, 35]}}, {"model": "movies.movie", "pk": 890771, "fields": {"title": "블랙 데몬", "overview": "", "vote_average": 4.9, "popularity": 44.663, "vote_count": 9, "tagline": null, "backdrop_path": "/r1T00IkCwDc90nhCO2VFBV36PkI.jpg", "poster_path": "/uiFcFIjig0YwyNmhoxkxtAAVIL2.jpg", "release_date": "2023-04-26", "runtime": null, "genres": [27, 53]}}, {"model": "movies.movie", "pk": 890948, "fields": {"title": "스프린터", "overview": "한 때, 대한민국에서 가장 빠른 100미터 선수였던 현수. 아직 고등학생이지만, 점점 기록이 오르고 있는 단거리 선수 준서. 현재, 대한민국에서 가장 빠른 단거리 선수 정호. 세 선수는 각자의 이유로 국가대표 선발전을 준비한다.", "vote_average": 0.0, "popularity": 24.069, "vote_count": 0, "tagline": null, "backdrop_path": null, "poster_path": "/usqiCHdj6YBubXx1gIIysnMBFC0.jpg", "release_date": "2023-05-24", "runtime": null, "genres": [18]}}, {"model": "movies.movie", "pk": 893712, "fields": {"title": "극장판 소드 아트 온라인 -프로그레시브- 짙은 어둠의 스케르초", "overview": "세계 최초의 VRMMORPG <소드 아트 온라인>이 데스 게임으로 변하면서, 1만 명의 플레이어들이 게임 세계에 갇혀 버린 이후, 이미 한 달 이상이 경과했다. 강철의 부유성 '아인크라드' 제1층을 공략한 아스나는 키리토와 콤비를 맺고 최상층을 목표로 여행을 이어가고 있었다. 정보상 아르고의 협력도 더해져서, 공략은 순조롭게 진행되는 것 같았지만...\r '아인크라드' 공략을 선도하는 2대 길드의 대립이 발생하고, 새로운 위협이 아스나와 키리토를 끌어들이기 시작한다.", "vote_average": 6.5, "popularity": 85.273, "vote_count": 19, "tagline": null, "backdrop_path": "/a5alro35e0XUa21Hb9Wlci67U73.jpg", "poster_path": "/rBLtRrK0927raJsWZu4Ip3wQuaH.jpg", "release_date": "2022-10-22", "runtime": null, "genres": [14, 16, 28, 878]}}, {"model": "movies.movie", "pk": 916224, "fields": {"title": "스즈메의 문단속", "overview": "큐슈의 작은 마을에서 살고 있는 소녀 ‘스즈메’는 어느 날, 여행을 하며 ‘문’을 찾고 있는 한 청년을 만난다. 그의 뒤를 쫓아간 소녀는 산속 폐허에서 덩그러니 남겨진 낡은 문을 발견한다. 무언가에 이끌린 듯 ‘스즈메’는 문으로 손을 뻗는데…", "vote_average": 7.9, "popularity": 768.394, "vote_count": 384, "tagline": null, "backdrop_path": "/ceYZCBfwbBwSpGJ6PapNVw5jqLG.jpg", "poster_path": "/kVS51ssZF1y0IXF342h54cIJ0EK.jpg", "release_date": "2022-11-11", "runtime": null, "genres": [12, 14, 16, 18]}}, {"model": "movies.movie", "pk": 916386, "fields": {"title": "Der Passfälscher", "overview": "", "vote_average": 6.1, "popularity": 33.855, "vote_count": 12, "tagline": null, "backdrop_path": "/f76pf0QxldYY8mMHW4kudXhuLZB.jpg", "poster_path": "/zgIL0Rr0vBi6TLO4blIXZAgLWwg.jpg", "release_date": "2022-10-13", "runtime": null, "genres": [18, 36]}}, {"model": "movies.movie", "pk": 916405, "fields": {"title": "말없는 소녀", "overview": "1981년, 아일랜드의 한 작은 마을에 살고 있는 어린 소녀 카이트는 가난으로 당장 그녀를 돌볼 수 없게 된 그녀의 어머니에 의해 당분간 거의 남이라고 할 수 있는 먼 친척 부부에게 맡겨지게 된다. 영문도 모른 채 생전 처음 본 부부와 함께 살게 된 카이트는 새로운 환경이 낯설기만 하다. 자신을 따뜻하게 맞이해주는 아내 에이블린과는 그런대로 잘 지내지만, 무뚝뚝한 남편 션은 이 모든게 못마땅해 보인다. 하지만 그런 션도 카이트의 순수함에 조금씩 마음의 문을 열기 시작하고, 어느새 이들 사이엔 떼어놓기 힘든 특별한 우정이 싹튼다.", "vote_average": 7.6, "popularity": 14.381, "vote_count": 171, "tagline": null, "backdrop_path": "/xhJ9E1uYT7KO3gjdpUO2SCzR9dL.jpg", "poster_path": "/mI0CG9jC4CSeBlTghVf0qoEXWsf.jpg", "release_date": "2022-05-13", "runtime": null, "genres": [18]}}, {"model": "movies.movie", "pk": 917007, "fields": {"title": "Bed Rest", "overview": "", "vote_average": 5.8, "popularity": 32.462, "vote_count": 29, "tagline": null, "backdrop_path": "/lQzSMhkAl90iXPirjnLbRHkxApC.jpg", "poster_path": "/tiZF8b9T9fMcwvsEEkJ5ik1wCnV.jpg", "release_date": "2022-12-08", "runtime": null, "genres": [27]}}, {"model": "movies.movie", "pk": 931102, "fields": {"title": "라이드 온", "overview": "한때 잘 나갔던 전설의 스턴트맨 ‘루오’(성룡). 유일한 파트너마 ‘레드 헤어’가 경매에 부쳐질 위기에 처하자 어쩔 수 없이 소원했던 딸 ‘바오’(류호존)에게 연락해 도움을 청한다. ‘바오’는 자신의 변호사 남자친구 ‘미키’(곽기린)와 이를 해결하고자 하고, 조금씩 ‘루오’에게도 마음을 열어간다. 그러던 어느 날, ‘루오’가 ‘레드 헤어’를 지키기 위해 싸웠던 콤비 액션 영상이 SNS를 통해 화제를 모으게 되고, 유명 영화에 참여할 기회까지 찾아오는데…! 스턴트 생활을 청산하길 바라는 딸 ‘바오’와 인생 역전의 기회에서 고민하는 ‘루오’. 과연, 그는 가족과 커리어를 모두 지킬 수 있을 것인가?!", "vote_average": 5.4, "popularity": 14.721, "vote_count": 12, "tagline": null, "backdrop_path": "/sWCdmdZh89Tdg5DVr5cFuZDJ9yu.jpg", "poster_path": "/8Rnnx17kOFL4mNchdJNzLSdlBZj.jpg", "release_date": "2023-04-07", "runtime": null, "genres": [12, 18, 28, 35]}}, {"model": "movies.movie", "pk": 933419, "fields": {"title": "챔피언스", "overview": "고집 세고 다혈질인 마이너리그 농구 코치는 사회봉사 명령을 받고 장애인 올림픽 팀을 훈련시키게 되는데...", "vote_average": 6.9, "popularity": 46.127, "vote_count": 112, "tagline": null, "backdrop_path": "/l2VqHMBEwAYZh6DeAZSlOzAXw7N.jpg", "poster_path": "/yVgtsoXyTZBww7SWE4JE1U4Wcel.jpg", "release_date": "2023-03-09", "runtime": null, "genres": [35]}}, {"model": "movies.movie", "pk": 934433, "fields": {"title": "스크림 6", "overview": "고스트페이스의 습격에서 살아남은 생존자들이 우즈보로를 떠나 뉴욕에서 새로운 삶을 시작하지만, 다시금 과거의 살인마에게 쫓기게 되는 이야기", "vote_average": 7.3, "popularity": 805.314, "vote_count": 1239, "tagline": null, "backdrop_path": "/44immBwzhDVyjn87b3x3l9mlhAD.jpg", "poster_path": "/1zhb49U0Rjg2qVU9L7VLmujf1Hs.jpg", "release_date": "2023-03-08", "runtime": null, "genres": [27, 53, 9648]}}, {"model": "movies.movie", "pk": 942199, "fields": {"title": "시뮬런트", "overview": "", "vote_average": 6.3, "popularity": 101.305, "vote_count": 54, "tagline": null, "backdrop_path": "/b4YwJaIBUsidiFi1ljN5c4AQcR1.jpg", "poster_path": "/kmDJhZIq1xnu5ZiMOlb0nHJH1qb.jpg", "release_date": "2023-03-29", "runtime": null, "genres": [53, 878]}}, {"model": "movies.movie", "pk": 943822, "fields": {"title": "프라이즈파이터: 더 라이프 오브 젬 벨처", "overview": "", "vote_average": 6.3, "popularity": 264.212, "vote_count": 130, "tagline": null, "backdrop_path": "/2Eewgp7o5AU1xCataDmiIL2nYxd.jpg", "poster_path": "/x3PIk93PTbxT88ohfeb26L1VpZw.jpg", "release_date": "2022-06-30", "runtime": null, "genres": [18, 36]}}, {"model": "movies.movie", "pk": 946310, "fields": {"title": "De Piraten van Hiernaast II: De Ninja's van de Overkant", "overview": "", "vote_average": 6.8, "popularity": 318.336, "vote_count": 100, "tagline": null, "backdrop_path": "/tFaC1Fb1sv1dALB0i9Avi76MHmn.jpg", "poster_path": "/uDsvma9dAwnDPVuCFi99YpWvBk0.jpg", "release_date": "2022-04-20", "runtime": null, "genres": [12, 28, 10751]}}, {"model": "movies.movie", "pk": 946706, "fields": {"title": "Objetos", "overview": "", "vote_average": 6.3, "popularity": 15.183, "vote_count": 35, "tagline": null, "backdrop_path": "/hrNhsJeajflo8jBav78sURHvxp3.jpg", "poster_path": "/ejijnP0sOr4Fgxo5CYWT6rz3ZdG.jpg", "release_date": "2022-09-30", "runtime": null, "genres": [53]}}, {"model": "movies.movie", "pk": 948713, "fields": {"title": "세븐 킹스 머스트 다이", "overview": "에드워드 왕이 서거하자 뜻을 모으는 베반버그의 우트레드와 그의 동지들. 마침내 잉글랜드 통일이라는 꿈을 이루기 위해 분열된 왕국을 뒤흔들 모험에 뛰어든다.", "vote_average": 7.3, "popularity": 622.693, "vote_count": 384, "tagline": null, "backdrop_path": "/aonRCFac0K1HukgnzWE5N7DzpgR.jpg", "poster_path": "/ddt9jdbkjjBh3ezUejJlY6Dho6l.jpg", "release_date": "2023-04-14", "runtime": null, "genres": [12, 18, 28, 36, 10752]}}, {"model": "movies.movie", "pk": 949423, "fields": {"title": "펄", "overview": "펄은 몸이 불편한 아버지를 모시며 어머니와 함께 농장 일을 하며 살고 있다. 하지만 그녀에게 강한 꿈이 있었으니 바로 무용단의 댄서가 되는 것. 전장으로 자원 입대를 한 남편 하워드를 그리워 하는 펄에게 우연히 극장에서 만난 남자가 추파를 던지며 자신과 함께 유럽으로 갈 것을 제안한다. 내적 갈등에 혼란스러워 하는 펄, 게다가 어머니의 강압적인 행동으로 불화도 점점 커지게 된다. 새장에 갇혀 있는 새처럼 살아가는 펄에게  하나의 사건이 발생하게 되고, 마침내 그녀는 이성을 잃게 되는데...", "vote_average": 7.4, "popularity": 57.954, "vote_count": 715, "tagline": null, "backdrop_path": "/ddfGBZiyOhVCAOtffie7AiXVYiE.jpg", "poster_path": "/hQOtPXkgSsCgDuGoqTNbhvB4f7U.jpg", "release_date": "2022-09-16", "runtime": null, "genres": [27]}}, {"model": "movies.movie", "pk": 955555, "fields": {"title": "범죄도시 3", "overview": "베트남 납치 살해범 검거 후 7년 뒤, 마석도는 새로운 팀원들과 함께 살인사건을 조사한다. 사건 조사 중, 마석도는 신종 마약 사건이 연루되었음을 알게 되고 수사를 확대한다. 한편, 마약 사건의 배후인 주성철은 계속해서 판을 키워가고 약을 유통하던 일본 조직과 리키까지 한국에 들어오며 사건의 규모는 점점 더 커져가는데...", "vote_average": 0.0, "popularity": 25.012, "vote_count": 0, "tagline": null, "backdrop_path": "/5DKVH8KeqFwPacWFMyYqTaECxJP.jpg", "poster_path": "/jbremGnsRR4XZMDj97YHt20isRP.jpg", "release_date": "2023-05-31", "runtime": null, "genres": [28, 80]}}, {"model": "movies.movie", "pk": 963765, "fields": {"title": "Extraña forma de vida", "overview": "", "vote_average": 0.0, "popularity": 26.255, "vote_count": 0, "tagline": null, "backdrop_path": "/g4SaFrFkhJGNkio5pzSTmAAy20E.jpg", "poster_path": "/2A3QsP636j8gH8BcKOabFv7ECFS.jpg", "release_date": "2023-05-26", "runtime": null, "genres": [18, 37, 10749]}}, {"model": "movies.movie", "pk": 964980, "fields": {"title": "에어", "overview": "세기의 아이콘을 만든 그들의 실화! 당신이 알고 있는 그 이상의 이야기  1984년, 업계 꼴찌를 벗어나지 못하고 있는 나이키는 브랜드의 간판이 되어 줄 새로운 모델을 찾는다. 나이키의 스카우터 소니 바카로(맷 데이먼)는 NBA의 떠오르는 루키 마이클 조던이 나이키의 미래라고 생각한다. 그런데, 이미 시장을 장악한 컨버스와 아디다스가 그와의 계약을 노리는 상황 나이키 팀은 조던의 마음을 얻기 위한 전략을 세우는데….", "vote_average": 7.5, "popularity": 358.471, "vote_count": 726, "tagline": null, "backdrop_path": "/aT3sRVqgpkyCo23fp9myVfKPWbA.jpg", "poster_path": "/u72FzpfOZLBkeUdL3o3jyYK9OxU.jpg", "release_date": "2023-04-05", "runtime": null, "genres": [18, 36]}}, {"model": "movies.movie", "pk": 966220, "fields": {"title": "스나이퍼: 화이트 레이븐", "overview": "미콜라는 친환경적인 삶을 살기 위해 아내와 시골로 내려와 물리 교사를 하며 지내던 중, 러시아 무장 단체의 공격을 받아 임신한 아내가 사망하게 된다. 쓰러진 미콜라를 발견한 우크라이나 군은 군대에 미콜라를 데려가고, 분노에 찬 미콜라는 복수를 위해 저격수가 될 결심을 하는데…", "vote_average": 7.5, "popularity": 198.332, "vote_count": 380, "tagline": null, "backdrop_path": "/4B6bYj7gr5wQBvQQhDwr6tzJyGR.jpg", "poster_path": "/66mrr3AK6grmkfGJ1wlCP8dkzjM.jpg", "release_date": "2022-05-03", "runtime": null, "genres": [18, 28, 10752]}}, {"model": "movies.movie", "pk": 967874, "fields": {"title": "파더 앤 솔저", "overview": "1917년, 바카리 디알로는 강제 징집된 17세 아들 티에르노의 곁을 지키기 위해 프랑스군에 입대한다. 두 사람은 함께 전선에 투입되고, 전쟁에 직면한다. 티에르노가 남자가 되는 법을 배우는 동안 바카리는 그가 무사히 돌아올 수 있도록 할 수 있는 모든 것을 한다.", "vote_average": 6.0, "popularity": 16.682, "vote_count": 117, "tagline": null, "backdrop_path": "/roS6ISpQcvJZYCZZSonWSlGK2CF.jpg", "poster_path": "/3kM3NzcsfxDqDRqpTdenSKj4ZGl.jpg", "release_date": "2023-01-04", "runtime": null, "genres": [18, 36, 10752]}}, {"model": "movies.movie", "pk": 972230, "fields": {"title": "메이비 아이 두", "overview": "", "vote_average": 6.0, "popularity": 18.503, "vote_count": 59, "tagline": null, "backdrop_path": "/h1jF78eKPrqejbXe3OHQ2KxmTJ9.jpg", "poster_path": "/hy96dnwz562U3PhXMzJvKNPBGS.jpg", "release_date": "2023-01-27", "runtime": null, "genres": [35, 10749]}}, {"model": "movies.movie", "pk": 976573, "fields": {"title": "엘리멘탈", "overview": "불, 물, 공기, 흙 4개의 원소들이 살고 있는 엘리멘트 시티. 재치 있고 불처럼 열정 넘치는 앰버는 어느 날 우연히 유쾌하고 감성적이며 물 흐르듯 사는 웨이드를 만나 특별한 우정을 쌓으며, 지금껏 믿어온 모든 것들이 흔들리는 새로운 경험을 하게 되는데...", "vote_average": 0.0, "popularity": 68.936, "vote_count": 0, "tagline": null, "backdrop_path": "/7Yuf6j6N76SfqRWqT0I0ZUjICc2.jpg", "poster_path": "/eJHCK1ipv006MuWrgloTEJfHcfW.jpg", "release_date": "2023-06-14", "runtime": null, "genres": [14, 16, 35, 10749, 10751]}}, {"model": "movies.movie", "pk": 980078, "fields": {"title": "곰돌이 푸: 피와 꿀", "overview": "어릴 적 친구로부터 버림받은 곰돌이 ‘푸’와 ‘피글렛’  참을 수 없는 분노와 배신감을 느끼며 잔혹한 복수를 시작한다.", "vote_average": 5.7, "popularity": 300.126, "vote_count": 596, "tagline": null, "backdrop_path": "/wD2kUCX1Bb6oeIb2uz7kbdfLP6k.jpg", "poster_path": "/fcCbzcEbAEQ5gWzx7EX78qLEVFw.jpg", "release_date": "2023-01-27", "runtime": null, "genres": [27, 53]}}, {"model": "movies.movie", "pk": 982271, "fields": {"title": "북 클럽: 넥스트 챕터", "overview": "한동안 세상이 멈추면서 만나지 못했던 ‘북 클럽’ 4인방. 오랜만에 다시 모인 자리에서 ‘비비안’(제인 폰다)이 약혼 소식을 전하고 그런 ‘비비안’을 위한 싱글파티의 일환으로 이탈리아 여행을 계획한다. 로마부터 베니스까지, 불타는 청춘 못지 않게 여행하던 이들은 ‘비비안’이 주인공인 중요한 일정을 위해 마지막 여행지인 토스카나로 향한다. 그러나 이들 앞에 예상치 못한 일이 벌어지면서 발이 묶이는 위기에 처하는데…", "vote_average": 7.2, "popularity": 38.354, "vote_count": 18, "tagline": null, "backdrop_path": "/ttQQquZeGsBtaljBzyU7WEnpbJc.jpg", "poster_path": "/41HsTz7CorbVISVbO5WnFkt3cqo.jpg", "release_date": "2023-05-11", "runtime": null, "genres": [35, 10749]}}, {"model": "movies.movie", "pk": 985939, "fields": {"title": "폴: 600미터", "overview": "내려갈 길이 끊겨버린 600미터 TV 타워 위에서  두 명의 친구가 살아남기 위해 펼치는 사상 최초의 고공 서바이벌 여기에서", "vote_average": 7.3, "popularity": 247.224, "vote_count": 2877, "tagline": null, "backdrop_path": "/hlxduUs8y9icWGMzYCDLcYHEQ2u.jpg", "poster_path": "/8huJowZK1t7MNLEKo3dgLAxmiLW.jpg", "release_date": "2022-08-11", "runtime": null, "genres": [53]}}, {"model": "movies.movie", "pk": 986070, "fields": {"title": "The Wrath of Becky", "overview": "", "vote_average": 6.0, "popularity": 20.633, "vote_count": 1, "tagline": null, "backdrop_path": "/3HSGXeu2v171vGyJEW8FmQRHjLJ.jpg", "poster_path": "/q9lkLs0cVehvx0ay0i2T4ACS4OJ.jpg", "release_date": "2023-05-26", "runtime": null, "genres": [27, 28, 53, 80]}}, {"model": "movies.movie", "pk": 989672, "fields": {"title": "러브 앤 포레스트", "overview": "", "vote_average": 0.0, "popularity": 27.867, "vote_count": 0, "tagline": null, "backdrop_path": "/moOpYxTJOgSnCguj7mFUYpUDQt0.jpg", "poster_path": "/9PwjITIEiOCoIhXajIDhUL0IhkQ.jpg", "release_date": "2023-05-24", "runtime": null, "genres": [18, 10749]}}, {"model": "movies.movie", "pk": 990798, "fields": {"title": "Hirttämättömät", "overview": "", "vote_average": 0.0, "popularity": 24.151, "vote_count": 0, "tagline": null, "backdrop_path": "/2UbN3pRdp56Wztvsj2SQFAwXhhM.jpg", "poster_path": "/o9qcvoVy70BvYglb2xjU0F9VEkH.jpg", "release_date": "2023-05-24", "runtime": null, "genres": [35, 37]}}, {"model": "movies.movie", "pk": 994128, "fields": {"title": "엘더리", "overview": "", "vote_average": 7.1, "popularity": 185.074, "vote_count": 15, "tagline": null, "backdrop_path": "/bKWFetR4injOJXOGHeLuTD7wHI4.jpg", "poster_path": "/31W5qM3rfsdJwQCWjDRXa00T8xJ.jpg", "release_date": "2023-04-21", "runtime": null, "genres": [14, 27, 53]}}, {"model": "movies.movie", "pk": 994143, "fields": {"title": "스키나마링크", "overview": "두 아이가 한밤중에 깨어나 아버지가 사라지고, 집의 모든 문과 창문까지 사라져있는 걸 발견합니다. 이 이상한 상황에 두 아이는 거실로 베개와 이불을 가져와 잠옷 파티 상황을 연출하는데요. 만화 비디오를 틀어서 이 무섭고 적막한 상황을 풀어보려고 합니다. 어른들이 곧 구하러 와주겠지 하고요. 하지만 곧 다른 누군가 그들을 지켜보고 있다는 걸 알게 됩니다.", "vote_average": 5.9, "popularity": 18.288, "vote_count": 91, "tagline": null, "backdrop_path": "/8Y0RxH5cXiKV8C9Wyj6JkW9VYaG.jpg", "poster_path": "/8qOTi8VXvnuLH0jijMBCyygtV9d.jpg", "release_date": "2023-01-13", "runtime": null, "genres": [27]}}, {"model": "movies.movie", "pk": 995767, "fields": {"title": "Omar la fraise", "overview": "", "vote_average": 8.0, "popularity": 31.487, "vote_count": 1, "tagline": null, "backdrop_path": "/3imddisQP6trAQg15RMVDZUKqaB.jpg", "poster_path": "/oQndUoGGBDJKC7mgeMwL6fhgQQ4.jpg", "release_date": "2023-05-24", "runtime": null, "genres": [18]}}, {"model": "movies.movie", "pk": 997776, "fields": {"title": "Justice League x RWBY: Super Heroes & Huntsmen, Part One", "overview": "", "vote_average": 7.9, "popularity": 288.016, "vote_count": 56, "tagline": null, "backdrop_path": "/vgzHkWaj7HLCjizRzyO1Y0uE7e2.jpg", "poster_path": "/sjBFnG8DpouuWi161KbjbAER235.jpg", "release_date": "2023-04-25", "runtime": null, "genres": [14, 16, 28]}}, {"model": "movies.movie", "pk": 1008005, "fields": {"title": "La niña de la comunión", "overview": "", "vote_average": 6.2, "popularity": 341.504, "vote_count": 112, "tagline": null, "backdrop_path": "/47e1Kh2XvlCZDr3QJqxSmmjffSH.jpg", "poster_path": "/sGSzha9K65abyvzBwXXnSV2sHWV.jpg", "release_date": "2023-02-10", "runtime": null, "genres": [27]}}, {"model": "movies.movie", "pk": 1008048, "fields": {"title": "하우 투 블로우 업 어 파이프라인", "overview": "", "vote_average": 6.7, "popularity": 10.95, "vote_count": 21, "tagline": null, "backdrop_path": "/2QUrL1jVuTe2eRuyDmHlLwDdAM1.jpg", "poster_path": "/gDGRf1rzIxV0ROKIeEBFDMoDBDh.jpg", "release_date": "2023-04-07", "runtime": null, "genres": [18, 53, 80]}}, {"model": "movies.movie", "pk": 1011413, "fields": {"title": "The Royal Ballet: The Sleeping Beauty", "overview": "", "vote_average": 0.0, "popularity": 26.062, "vote_count": 0, "tagline": null, "backdrop_path": null, "poster_path": "/iIadY21FMRTTn8p3z3NVRd8anwH.jpg", "release_date": "2023-05-24", "runtime": null, "genres": []}}, {"model": "movies.movie", "pk": 1011679, "fields": {"title": "샤크 사이드 오브 더 문", "overview": "", "vote_average": 5.3, "popularity": 200.357, "vote_count": 125, "tagline": null, "backdrop_path": "/AsEgGeccI32SwMBkxpwhOkhbzmF.jpg", "poster_path": "/v5CfpzxoJDkZxjZAizClFdlEF0U.jpg", "release_date": "2022-08-12", "runtime": null, "genres": [27, 28, 53, 878]}}, {"model": "movies.movie", "pk": 1020696, "fields": {"title": "플레이 데드", "overview": "법의학을 전공하고 있는 의대생 “클로이”, 그녀는 범죄를 저지른 동생의 증거인멸을 위해 자신의 몸을 일시적으로 죽은 상태로 만들어 영안실에 몰래 잠입한다. 그녀는 증거를 찾던 중, 영안실 검사관의 끔찍한 장기 밀매 사실을 알게 되고, 자신이 살아있다는 사실 또한 검사관에게 발각되게 되는데... 서서히 목을 조여오는 죽음의 그림자를 피해 도망쳐라!", "vote_average": 6.6, "popularity": 132.184, "vote_count": 41, "tagline": null, "backdrop_path": "/9qcXIX4Sjv6oEKLvaLYJTabLqR.jpg", "poster_path": "/z58ZJGKNKjQr2l80OpLairwBjJY.jpg", "release_date": "2022-12-09", "runtime": null, "genres": [27, 53]}}, {"model": "movies.movie", "pk": 1023313, "fields": {"title": "La Exorcista", "overview": "", "vote_average": 5.8, "popularity": 164.303, "vote_count": 81, "tagline": null, "backdrop_path": "/u5nY7pY2Y58o7dSM9cy6NclOV8V.jpg", "poster_path": "/d07xtqwq1uriQ1hda6qeu8Skt5m.jpg", "release_date": "2022-11-02", "runtime": null, "genres": [27]}}, {"model": "movies.movie", "pk": 1030587, "fields": {"title": "映画ドラえもん のび太と空の理想郷", "overview": "", "vote_average": 7.3, "popularity": 23.456, "vote_count": 8, "tagline": null, "backdrop_path": "/7vxuOzbsDgGRKNiB9yzvSHaNlNi.jpg", "poster_path": "/3QhCNuPxgp3TWmSej9RmXzwWj9W.jpg", "release_date": "2023-03-03", "runtime": null, "genres": [12, 16, 878]}}, {"model": "movies.movie", "pk": 1033219, "fields": {"title": "Attack on Titan", "overview": "", "vote_average": 6.0, "popularity": 329.967, "vote_count": 130, "tagline": null, "backdrop_path": "/eNJhWy7xFzR74SYaSJHqJZuroDm.jpg", "poster_path": "/qNz4l8UgTkD8rlqiKZ556pCJ9iO.jpg", "release_date": "2022-09-30", "runtime": null, "genres": [28, 878]}}, {"model": "movies.movie", "pk": 1035097, "fields": {"title": "Tokyo Stories", "overview": "", "vote_average": 0.0, "popularity": 26.773, "vote_count": 0, "tagline": null, "backdrop_path": null, "poster_path": "/v6vlC6eW5CO868g4PPNqSxqqmoG.jpg", "release_date": "2023-05-23", "runtime": null, "genres": [99]}}, {"model": "movies.movie", "pk": 1037644, "fields": {"title": "배틀 포 사이판", "overview": "미군은 일본 본토 폭격의 기착점으로 사이판에 상륙하는 태평양 D-day를 감행한다. 정찰 중 일본군에 급습 당한 소대는 야전병원에서 일본군의 자살돌격작전을 맞는다. 부상 당한 소대원들은 군의관, 간호사와 함께 자살돌격에 맞서 15시간의 끝장 전투를 벌이는데...", "vote_average": 5.8, "popularity": 735.49, "vote_count": 40, "tagline": null, "backdrop_path": "/w26FmegnHL8BykasYNHADIEURBW.jpg", "poster_path": "/oT85hxlmXA8Zux4LHJO771w4bjM.jpg", "release_date": "2022-11-25", "runtime": null, "genres": [28, 36, 10752]}}, {"model": "movies.movie", "pk": 1043565, "fields": {"title": "마인드케이지", "overview": "어느 날, 성당에 천사의 모습으로 정성스럽게 꾸며진 사체가 발견되고, 형사 ‘제이크’는 5년 전 자신이 잡아들인 살인마 르프브르, 일명 ‘예술가’라 불리는 연쇄 살인마를 떠올린다. 그를 모방한 모방 범죄라 판단한 형사 ‘메리’는 예술가를 찾아가 단서를 얻고자 하지만, 범인을 잡기 위한 수사는 점점 예술가에게 집중되고, 메리는 또 다른 살인을 막기 위해 다시 예술가를 찾아간다. 예술가는 메리에게 알 수 없는 발언을 하고, 메리는 예술가가 자신에게 건넨 조각상 속에서 메모를 발견하는데… 과연 메리는 연쇄 살인을 멈출 수 있을까?", "vote_average": 7.1, "popularity": 29.448, "vote_count": 106, "tagline": null, "backdrop_path": "/ekZUWo5XtSrfe10RKWrL0YKkq9b.jpg", "poster_path": "/7o13ZIdznBn7ojCkncIfD1AXXCz.jpg", "release_date": "2022-12-16", "runtime": null, "genres": [18, 53, 80, 9648]}}, {"model": "movies.movie", "pk": 1048300, "fields": {"title": "Adrenaline", "overview": "", "vote_average": 6.1, "popularity": 316.68, "vote_count": 44, "tagline": null, "backdrop_path": "/nDmPjKLqLwWyd4Ssti8HCdhW5cZ.jpg", "poster_path": "/mSgqZlz7umts77mEhmEhv9piUKv.jpg", "release_date": "2022-12-15", "runtime": null, "genres": [28]}}, {"model": "movies.movie", "pk": 1064103, "fields": {"title": "Como Dios manda", "overview": "", "vote_average": 0.0, "popularity": 11.464, "vote_count": 0, "tagline": null, "backdrop_path": "/jDCcOQyBa4nFhjc0J19JnIbzR6U.jpg", "poster_path": "/rA6TuK86FVtiMsLE7xG26sHlnux.jpg", "release_date": "2023-06-02", "runtime": null, "genres": [35]}}, {"model": "movies.movie", "pk": 1072136, "fields": {"title": "Polis Evo 3", "overview": "", "vote_average": 0.0, "popularity": 20.773, "vote_count": 0, "tagline": null, "backdrop_path": "/vmxYCgLO8S8KG3oDzA5ilsetq2t.jpg", "poster_path": "/eHt8LAmNbuP7rhGWtGyFSLNEdla.jpg", "release_date": "2023-05-25", "runtime": null, "genres": [12, 28, 35, 80]}}, {"model": "movies.movie", "pk": 1076605, "fields": {"title": "Cazadora", "overview": "", "vote_average": 6.1, "popularity": 184.762, "vote_count": 20, "tagline": null, "backdrop_path": null, "poster_path": "/8QxCd3pSSrj6QqaG4fkNkaJmUa.jpg", "release_date": "2023-01-19", "runtime": null, "genres": [53]}}, {"model": "movies.movie", "pk": 1079078, "fields": {"title": "로열틴: 마르그레테 공주", "overview": "학년말 파티 스캔들이 터진 마르그레테 공주. 완벽한 이미지를 지키기 위해 안간힘을 쓰면서 동시에 가족과의 갈등으로 고민한다. 모든 게 정상이던 시절로 돌아가길 간절히 바라며.", "vote_average": 6.9, "popularity": 266.187, "vote_count": 55, "tagline": null, "backdrop_path": "/yELOCXWN7mHpztKppR3ZLWG0CUp.jpg", "poster_path": "/rQK7I3UmAWgoNhKso7Ptjz60tCS.jpg", "release_date": "2023-05-11", "runtime": null, "genres": [18, 10749]}}, {"model": "movies.movie", "pk": 1084225, "fields": {"title": "The Park", "overview": "", "vote_average": 5.9, "popularity": 209.607, "vote_count": 44, "tagline": null, "backdrop_path": "/cevmHkKqSlrTYqpJ5eaAjml1jec.jpg", "poster_path": "/hR1jdCw0A9czgsbp45TASkjjBhA.jpg", "release_date": "2023-03-02", "runtime": null, "genres": [18, 27, 28, 53, 878]}}, {"model": "movies.movie", "pk": 1085103, "fields": {"title": "클록", "overview": "떠오르는 스타 디자이너 엘라. 호화로운 집에 다정한 남편까지, 모든 걸 가진 그녀에겐 한 가지 고민이 있다. 바로 아이를 원하는 마음이 전혀 생기지 않는 것. 사회적 압박에 시달리던 그녀는 새로운 각도로 임신 문제를 다루는 임상시험에 지원하고. 놀랍게도 치료는 효과를 보이지만, 엘라는 어떤 대가를 치러야 할까?", "vote_average": 5.9, "popularity": 281.604, "vote_count": 86, "tagline": null, "backdrop_path": "/bF2skCyB5jeJuO26GFaQIGHrMNl.jpg", "poster_path": "/3TLFdU75guGAh6qIqumvtKrzhji.jpg", "release_date": "2023-03-28", "runtime": null, "genres": [27, 53, 9648]}}, {"model": "movies.movie", "pk": 1093994, "fields": {"title": "원 레인저", "overview": "", "vote_average": 6.7, "popularity": 18.735, "vote_count": 21, "tagline": null, "backdrop_path": "/ihLKlPCcC0ZZICh1fxlzsbXbGEq.jpg", "poster_path": "/puffdkze3GZmQHu2Hy8t1XdOYtM.jpg", "release_date": "2023-05-05", "runtime": null, "genres": [28, 53]}}, {"model": "movies.movie", "pk": 1094319, "fields": {"title": "베스트 맨", "overview": "용병들이 결혼식 도중 외딴 리조트 호텔을 장악하고 인질로 잡은 사람들을 구출하기 위해 신랑, 베스트맨, 그리고 그의 술 취한 친구들의 인질 구조 작전", "vote_average": 6.2, "popularity": 491.128, "vote_count": 36, "tagline": null, "backdrop_path": "/wIb43RlPf5iYeoBAYIfxfhpE8NI.jpg", "poster_path": "/c9f6mFZqkyz4AD0sxGmynE1pe0v.jpg", "release_date": "2023-04-21", "runtime": null, "genres": [28, 53]}}, {"model": "movies.movie", "pk": 1094585, "fields": {"title": "شوجر دادي", "overview": "", "vote_average": 0.0, "popularity": 24.671, "vote_count": 0, "tagline": null, "backdrop_path": null, "poster_path": "/3b1iXHPucY66cHHmotyoNNpjySI.jpg", "release_date": "2023-05-24", "runtime": null, "genres": [35]}}, {"model": "movies.movie", "pk": 1098160, "fields": {"title": "The Tank", "overview": "", "vote_average": 4.8, "popularity": 14.608, "vote_count": 21, "tagline": null, "backdrop_path": "/baE88dSR0byNAMDBk8HENkdDbt0.jpg", "poster_path": "/2VxEtwgzOUukatl2IKGn4borpgE.jpg", "release_date": "2023-04-21", "runtime": null, "genres": [27, 53]}}, {"model": "movies.movie", "pk": 1102776, "fields": {"title": "에이전트 A.K.A.", "overview": "한 치도 흔들림이 없는 특수 작전 요원. 하지만 범죄 조직 침투 임무 중, 우연히 상관의 어린 아들과 가까워지면서 굳은 신념이 시험대에 오른다.", "vote_average": 7.1, "popularity": 915.737, "vote_count": 320, "tagline": null, "backdrop_path": "/zPEDfWece7gg1I0904KFFVUq5mg.jpg", "poster_path": "/zLQc0AF6yWkW6piLlFvjDU8FznN.jpg", "release_date": "2023-04-28", "runtime": null, "genres": [28, 53, 80]}}, {"model": "movies.movie", "pk": 1104040, "fields": {"title": "갱스 오브 라고스", "overview": "절친 오발롤라, 이피, 기프트는 정치판과 연계한 갱들이 거리를 지배하는 곳, 이살레 에코에서 나고 자랐다. 라이벌 갱들이 거리를 피로 붉게 물들이는 가운데, 오발롤라, 이피, 기프트는 갱단 간의 전쟁에 말려든다. 이 전쟁을 통해 이살레 에코의 기반을 뒤흔드는 비밀이 밝혀지고, 최종적으로 세 사람은 자신들의 운명을 깨닫게 된다.", "vote_average": 6.3, "popularity": 238.678, "vote_count": 39, "tagline": null, "backdrop_path": "/rPSJAElGxOTko1zK6uIlYnTMFxN.jpg", "poster_path": "/nGwFsB6EXUCr21wzPgtP5juZPSv.jpg", "release_date": "2023-04-07", "runtime": null, "genres": [80]}}, {"model": "movies.movie", "pk": 1105014, "fields": {"title": "Ripper's Revenge", "overview": "", "vote_average": 6.0, "popularity": 209.024, "vote_count": 22, "tagline": null, "backdrop_path": "/5qlmAFORL49yTOPxhwBWABW2zm0.jpg", "poster_path": "/cuEIBHTWAvaYkhhS8HfOkhce2MB.jpg", "release_date": "2023-04-03", "runtime": null, "genres": [27]}}, {"model": "movies.movie", "pk": 1105313, "fields": {"title": "Jeepers Creepers O Regresso", "overview": "", "vote_average": 0.0, "popularity": 21.238, "vote_count": 0, "tagline": null, "backdrop_path": null, "poster_path": "/nRLg2dIpeFreDRcq47ueT0G55Gf.jpg", "release_date": "2023-05-26", "runtime": null, "genres": [27]}}, {"model": "movies.movie", "pk": 1106529, "fields": {"title": "Cool Girl!", "overview": "", "vote_average": 0.0, "popularity": 18.967, "vote_count": 0, "tagline": null, "backdrop_path": null, "poster_path": "/4fIQrD2jwjoHYHfriK8GsbU1w9G.jpg", "release_date": "2023-05-25", "runtime": null, "genres": [18, 35, 10749]}}, {"model": "movies.movie", "pk": 1110011, "fields": {"title": "Непосредственно Каха: Другой фильм", "overview": "", "vote_average": 0.0, "popularity": 21.952, "vote_count": 0, "tagline": null, "backdrop_path": null, "poster_path": "/hLRCgIKrajHYP54MORLv7T2FYaF.jpg", "release_date": "2023-05-25", "runtime": null, "genres": [35]}}, {"model": "movies.movie", "pk": 1111140, "fields": {"title": "두 죄인과 노새", "overview": "이 작품은 자유로운 영혼을 지닌 두 여자가 총상 입은 현상금 사냥꾼을 만나고, 그의 현상금을 나눠 갖기 위해 추적에 동참하는 흥미진진한 서부극이다.", "vote_average": 6.2, "popularity": 466.611, "vote_count": 19, "tagline": null, "backdrop_path": "/yx96Xz7ggs7TMmDqAa8G5oJ5ami.jpg", "poster_path": "/rd8sP6KMIL3xNdE6eVjcHpBGMF9.jpg", "release_date": "2023-04-21", "runtime": null, "genres": [28, 37]}}, {"model": "movies.movie", "pk": 1115791, "fields": {"title": "Met De Joris", "overview": "", "vote_average": 0.0, "popularity": 18.707, "vote_count": 0, "tagline": null, "backdrop_path": null, "poster_path": "/mog7aMtyEqvBabyKDuBCbCetG3O.jpg", "release_date": "2023-05-25", "runtime": null, "genres": [99]}}, {"model": "movies.movie", "pk": 1116125, "fields": {"title": "Paul-Armand Gette au pays des merveilles", "overview": "", "vote_average": 0.0, "popularity": 22.193, "vote_count": 0, "tagline": null, "backdrop_path": null, "poster_path": "/rgfaWETWK9J44zTEGO1EErWd5ar.jpg", "release_date": "2023-05-24", "runtime": null, "genres": [99]}}, {"model": "movies.movie", "pk": 1118721, "fields": {"title": "Quiero Tu Vida", "overview": "", "vote_average": 6.5, "popularity": 165.571, "vote_count": 25, "tagline": null, "backdrop_path": "/bPlmTl2rrnzgRKinLvs4GUd0DPb.jpg", "poster_path": "/hk2kW6uwTEa8cxDeF1UPfIpEYkF.jpg", "release_date": "2023-05-03", "runtime": null, "genres": [35]}}, {"model": "movies.movie", "pk": 1120558, "fields": {"title": "Bendita Suegra", "overview": "", "vote_average": 8.0, "popularity": 178.431, "vote_count": 23, "tagline": null, "backdrop_path": "/43WkvO1EVTHz2rTlswdhmzjlNRF.jpg", "poster_path": "/5xupm2thQic5GzYi6nim6URMZOY.jpg", "release_date": "2023-05-10", "runtime": null, "genres": [35]}}, {"model": "movies.movie", "pk": 1121116, "fields": {"title": "매기 심슨의 \"베이비 로그 원\"", "overview": "어린이집으로 향하던 매기는 호머가 한눈을 판 사이 그로구의 비행 유모차에 올라타 은하계를 가로지르는 하이퍼스페이스로 모험을 떠난다. '스타워즈'의 모든 것를 기념하는 이 에픽한 스케일의 단편에서 매기는 스프링필드에서 제국군의 타이 파이터 대대를 상대로 전투를 벌인다.", "vote_average": 5.4, "popularity": 421.199, "vote_count": 17, "tagline": null, "backdrop_path": "/vL5zdAKAnbcHjoewXoP4xy6ihf7.jpg", "poster_path": "/1iKP4PLgFOBw8cTMp950Kr2xw7c.jpg", "release_date": "2023-05-04", "runtime": null, "genres": [16, 35, 878, 10751]}}, {"model": "movies.movie", "pk": 1121626, "fields": {"title": "Bing and his friends in the cinema", "overview": "", "vote_average": 0.0, "popularity": 25.421, "vote_count": 0, "tagline": null, "backdrop_path": "/52AI9yjnE7uGKgQBsoOSUGjRo1g.jpg", "poster_path": "/nCaNsS1Up7vXP95S7kKrwwyRqaq.jpg", "release_date": "2023-05-24", "runtime": null, "genres": [16]}}, {"model": "movies.movie", "pk": 1122493, "fields": {"title": "¡Hasta la madre del Día de las Madres!", "overview": "", "vote_average": 7.1, "popularity": 161.456, "vote_count": 9, "tagline": null, "backdrop_path": "/7Od9YwvgzhbnmyX9rPrgbVHzDYY.jpg", "poster_path": "/j741ip55NOzabrllOXHJv2vpag7.jpg", "release_date": "2023-05-05", "runtime": null, "genres": [35]}}, {"model": "movies.movie_like_users", "pk": 1, "fields": {"movie": 175, "user": 3, "created_at": "2023-05-24T20:16:22.863"}}, {"model": "movies.movie_like_users", "pk": 2, "fields": {"movie": 238, "user": 3, "created_at": "2023-05-24T20:17:22.942"}}, {"model": "movies.movie_like_users", "pk": 6, "fields": {"movie": 114, "user": 7, "created_at": "2023-05-24T20:20:05.608"}}, {"model": "movies.movie_like_users", "pk": 8, "fields": {"movie": 114, "user": 9, "created_at": "2023-05-24T20:21:10.117"}}, {"model": "movies.movie_like_users", "pk": 10, "fields": {"movie": 114, "user": 2, "created_at": "2023-05-24T20:22:48.351"}}, {"model": "movies.movie_like_users", "pk": 11, "fields": {"movie": 114, "user": 3, "created_at": "2023-05-24T20:23:09.572"}}, {"model": "movies.movie_like_users", "pk": 12, "fields": {"movie": 114, "user": 10, "created_at": "2023-05-24T20:24:07.169"}}, {"model": "communities.review", "pk": 1, "fields": {"movie": 502356, "user": 8, "title": "111", "content": "111", "rating": 1, "created_at": "2023-05-24T20:09:16.676", "like_users": [3, 10]}}, {"model": "communities.review", "pk": 2, "fields": {"movie": 502356, "user": 8, "title": "슈퍼", "content": "1", "rating": 1, "created_at": "2023-05-24T20:09:36.360", "like_users": [10]}}, {"model": "communities.review", "pk": 3, "fields": {"movie": 713704, "user": 8, "title": "리뷰달아주세요", "content": "1", "rating": 1, "created_at": "2023-05-24T20:09:51.762", "like_users": [10]}}, {"model": "communities.review", "pk": 4, "fields": {"movie": 713704, "user": 8, "title": "리뷰를 먹고 자랍니다", "content": "1", "rating": 1, "created_at": "2023-05-24T20:10:00.231", "like_users": [3, 10]}}, {"model": "communities.review", "pk": 5, "fields": {"movie": 640146, "user": 8, "title": "앤트맨지겨움", "content": "ㅋㅋ", "rating": 0, "created_at": "2023-05-24T20:10:18.089", "like_users": [10]}}, {"model": "communities.review", "pk": 6, "fields": {"movie": 640146, "user": 8, "title": "진짜로", "content": "ㅋㅋ", "rating": 1, "created_at": "2023-05-24T20:10:26.486", "like_users": [10]}}, {"model": "communities.review", "pk": 7, "fields": {"movie": 385687, "user": 3, "title": "제목", "content": "111", "rating": 1, "created_at": "2023-05-24T20:26:51.602", "like_users": []}}, {"model": "accounts.user", "pk": 1, "fields": {"password": "pbkdf2_sha256$260000$sFcTSu9Xi1AlQ4wlVz67rN$lCaI01sEBXfsQZnm54b4ztfEZOUTPEMhCdkt8PnC90I=", "last_login": null, "is_superuser": false, "username": "test1", "first_name": "", "last_name": "", "email": "", "is_staff": false, "is_active": true, "date_joined": "2023-05-24T20:01:23.416", "chingho": "새싹 유저", "today_movie": null, "is_public": true, "current_point": 0, "total_point": 0, "level": 1, "rank": 0, "nickname": "1", "intro": "1", "groups": [], "user_permissions": [], "followings": [2, 5, 8, 10]}}, {"model": "accounts.user", "pk": 2, "fields": {"password": "pbkdf2_sha256$260000$CzlovQ4sVQDvPLEa4f4XNI$RL0jX+H8L5TZY9GXuO6agcmh8s9jX3/m7vTTJlUAwbc=", "last_login": null, "is_superuser": false, "username": "test2", "first_name": "", "last_name": "", "email": "", "is_staff": false, "is_active": true, "date_joined": "2023-05-24T20:01:28.692", "chingho": "새싹 유저", "today_movie": null, "is_public": true, "current_point": 0, "total_point": 0, "level": 1, "rank": 1, "nickname": "2", "intro": "1", "groups": [], "user_permissions": [], "followings": []}}, {"model": "accounts.user", "pk": 3, "fields": {"password": "pbkdf2_sha256$260000$6MfRhpXEatMqVfKet9qnNg$lLrvhdAG9ZicA1EglezvIMDQc/ajgw0DiSR0RaxwPlw=", "last_login": null, "is_superuser": false, "username": "test3", "first_name": "", "last_name": "", "email": "", "is_staff": false, "is_active": true, "date_joined": "2023-05-24T20:01:33.710", "chingho": "새싹 유저", "today_movie": 175, "is_public": true, "current_point": 0, "total_point": 0, "level": 1, "rank": 2, "nickname": "3", "intro": "1", "groups": [], "user_permissions": [], "followings": [5]}}, {"model": "accounts.user", "pk": 4, "fields": {"password": "pbkdf2_sha256$260000$Kj63EPzI0k8ZvUBtwXy3pM$snnvMkgCVIjalrCZvzsvjyW9jEgd3+roHJv88EtsfXg=", "last_login": null, "is_superuser": false, "username": "test4", "first_name": "", "last_name": "", "email": "", "is_staff": false, "is_active": true, "date_joined": "2023-05-24T20:01:38.765", "chingho": "새싹 유저", "today_movie": null, "is_public": true, "current_point": 0, "total_point": 0, "level": 1, "rank": 0, "nickname": "4", "intro": "1", "groups": [], "user_permissions": [], "followings": []}}, {"model": "accounts.user", "pk": 5, "fields": {"password": "pbkdf2_sha256$260000$zaXBEW4dGIo86k5DVWt9N2$DEYve5aR5QNylgp0N6gVgj2+5rZiL1pNeerPii3Ahw4=", "last_login": null, "is_superuser": false, "username": "test5", "first_name": "", "last_name": "", "email": "", "is_staff": false, "is_active": true, "date_joined": "2023-05-24T20:02:01.280", "chingho": "새싹 유저", "today_movie": null, "is_public": true, "current_point": 0, "total_point": 0, "level": 1, "rank": 0, "nickname": "유저33", "intro": "1", "groups": [], "user_permissions": [], "followings": []}}, {"model": "accounts.user", "pk": 6, "fields": {"password": "pbkdf2_sha256$260000$kLeilfsHqPJ7Or4dRMi8qS$AE6+1qBBh8B8zvJjj0HrwbSe0ENxWIUOTzCEW04loas=", "last_login": null, "is_superuser": false, "username": "test6", "first_name": "", "last_name": "", "email": "", "is_staff": false, "is_active": true, "date_joined": "2023-05-24T20:02:15.888", "chingho": "새싹 유저", "today_movie": null, "is_public": true, "current_point": 0, "total_point": 0, "level": 1, "rank": 0, "nickname": "댓글필터링", "intro": "1", "groups": [], "user_permissions": [], "followings": []}}, {"model": "accounts.user", "pk": 7, "fields": {"password": "pbkdf2_sha256$260000$ktG3PKx40EIdqA1eREQOkw$UDPRGAnyxSnrIiMGrnN1Y4dkp+t+OyXRnHqyOHICrts=", "last_login": null, "is_superuser": false, "username": "test7", "first_name": "", "last_name": "", "email": "", "is_staff": false, "is_active": true, "date_joined": "2023-05-24T20:02:23.032", "chingho": "새싹 유저", "today_movie": null, "is_public": true, "current_point": 0, "total_point": 0, "level": 1, "rank": 0, "nickname": "댓글", "intro": "1", "groups": [], "user_permissions": [], "followings": []}}, {"model": "accounts.user", "pk": 8, "fields": {"password": "pbkdf2_sha256$260000$9Mjh6MX3w1MdYNWQiGgmcd$1OceACN95LRhaLjfd2ey9oBI/mRa0ol1swwem8D7t7Q=", "last_login": null, "is_superuser": false, "username": "test9", "first_name": "", "last_name": "", "email": "", "is_staff": false, "is_active": true, "date_joined": "2023-05-24T20:02:31.819", "chingho": "새싹 유저", "today_movie": null, "is_public": true, "current_point": 0, "total_point": 0, "level": 1, "rank": 0, "nickname": "아이디", "intro": "1", "groups": [], "user_permissions": [], "followings": [3, 10]}}, {"model": "accounts.user", "pk": 9, "fields": {"password": "pbkdf2_sha256$260000$iWceTtuiVJ77w8L94MBDAN$WAJO4wPLCeikIq5GaLlpt6/961iWWbTXzeqnsdhs/So=", "last_login": null, "is_superuser": false, "username": "test10", "first_name": "", "last_name": "", "email": "", "is_staff": false, "is_active": true, "date_joined": "2023-05-24T20:02:41.649", "chingho": "새싹 유저", "today_movie": null, "is_public": true, "current_point": 0, "total_point": 0, "level": 1, "rank": 0, "nickname": "닉네임을입력하세요", "intro": "1", "groups": [], "user_permissions": [], "followings": []}}, {"model": "accounts.user", "pk": 10, "fields": {"password": "pbkdf2_sha256$260000$3ykvL8rukhrDlH8nBh1EtD$mrwstBEHiRjyIgavzcyFfzQRLLHpuePcFEHIjIjb/WI=", "last_login": null, "is_superuser": false, "username": "test101", "first_name": "", "last_name": "", "email": "", "is_staff": false, "is_active": true, "date_joined": "2023-05-24T20:03:09.936", "chingho": "새싹 유저", "today_movie": null, "is_public": true, "current_point": 0, "total_point": 0, "level": 1, "rank": 3, "nickname": "입력하세요", "intro": "1", "groups": [], "user_permissions": [], "followings": []}}, {"model": "auth.permission", "pk": 1, "fields": {"name": "Can add genre", "content_type": 1, "codename": "add_genre"}}, {"model": "auth.permission", "pk": 2, "fields": {"name": "Can change genre", "content_type": 1, "codename": "change_genre"}}, {"model": "auth.permission", "pk": 3, "fields": {"name": "Can delete genre", "content_type": 1, "codename": "delete_genre"}}, {"model": "auth.permission", "pk": 4, "fields": {"name": "Can view genre", "content_type": 1, "codename": "view_genre"}}, {"model": "auth.permission", "pk": 5, "fields": {"name": "Can add movie", "content_type": 2, "codename": "add_movie"}}, {"model": "auth.permission", "pk": 6, "fields": {"name": "Can change movie", "content_type": 2, "codename": "change_movie"}}, {"model": "auth.permission", "pk": 7, "fields": {"name": "Can delete movie", "content_type": 2, "codename": "delete_movie"}}, {"model": "auth.permission", "pk": 8, "fields": {"name": "Can view movie", "content_type": 2, "codename": "view_movie"}}, {"model": "auth.permission", "pk": 9, "fields": {"name": "Can add movie_like_users", "content_type": 3, "codename": "add_movie_like_users"}}, {"model": "auth.permission", "pk": 10, "fields": {"name": "Can change movie_like_users", "content_type": 3, "codename": "change_movie_like_users"}}, {"model": "auth.permission", "pk": 11, "fields": {"name": "Can delete movie_like_users", "content_type": 3, "codename": "delete_movie_like_users"}}, {"model": "auth.permission", "pk": 12, "fields": {"name": "Can view movie_like_users", "content_type": 3, "codename": "view_movie_like_users"}}, {"model": "auth.permission", "pk": 13, "fields": {"name": "Can add review", "content_type": 4, "codename": "add_review"}}, {"model": "auth.permission", "pk": 14, "fields": {"name": "Can change review", "content_type": 4, "codename": "change_review"}}, {"model": "auth.permission", "pk": 15, "fields": {"name": "Can delete review", "content_type": 4, "codename": "delete_review"}}, {"model": "auth.permission", "pk": 16, "fields": {"name": "Can view review", "content_type": 4, "codename": "view_review"}}, {"model": "auth.permission", "pk": 17, "fields": {"name": "Can add comment", "content_type": 5, "codename": "add_comment"}}, {"model": "auth.permission", "pk": 18, "fields": {"name": "Can change comment", "content_type": 5, "codename": "change_comment"}}, {"model": "auth.permission", "pk": 19, "fields": {"name": "Can delete comment", "content_type": 5, "codename": "delete_comment"}}, {"model": "auth.permission", "pk": 20, "fields": {"name": "Can view comment", "content_type": 5, "codename": "view_comment"}}, {"model": "auth.permission", "pk": 21, "fields": {"name": "Can add user", "content_type": 6, "codename": "add_user"}}, {"model": "auth.permission", "pk": 22, "fields": {"name": "Can change user", "content_type": 6, "codename": "change_user"}}, {"model": "auth.permission", "pk": 23, "fields": {"name": "Can delete user", "content_type": 6, "codename": "delete_user"}}, {"model": "auth.permission", "pk": 24, "fields": {"name": "Can view user", "content_type": 6, "codename": "view_user"}}, {"model": "auth.permission", "pk": 25, "fields": {"name": "Can add Token", "content_type": 7, "codename": "add_token"}}, {"model": "auth.permission", "pk": 26, "fields": {"name": "Can change Token", "content_type": 7, "codename": "change_token"}}, {"model": "auth.permission", "pk": 27, "fields": {"name": "Can delete Token", "content_type": 7, "codename": "delete_token"}}, {"model": "auth.permission", "pk": 28, "fields": {"name": "Can view Token", "content_type": 7, "codename": "view_token"}}, {"model": "auth.permission", "pk": 29, "fields": {"name": "Can add token", "content_type": 8, "codename": "add_tokenproxy"}}, {"model": "auth.permission", "pk": 30, "fields": {"name": "Can change token", "content_type": 8, "codename": "change_tokenproxy"}}, {"model": "auth.permission", "pk": 31, "fields": {"name": "Can delete token", "content_type": 8, "codename": "delete_tokenproxy"}}, {"model": "auth.permission", "pk": 32, "fields": {"name": "Can view token", "content_type": 8, "codename": "view_tokenproxy"}}, {"model": "auth.permission", "pk": 33, "fields": {"name": "Can add django job", "content_type": 9, "codename": "add_djangojob"}}, {"model": "auth.permission", "pk": 34, "fields": {"name": "Can change django job", "content_type": 9, "codename": "change_djangojob"}}, {"model": "auth.permission", "pk": 35, "fields": {"name": "Can delete django job", "content_type": 9, "codename": "delete_djangojob"}}, {"model": "auth.permission", "pk": 36, "fields": {"name": "Can view django job", "content_type": 9, "codename": "view_djangojob"}}, {"model": "auth.permission", "pk": 37, "fields": {"name": "Can add django job execution", "content_type": 10, "codename": "add_djangojobexecution"}}, {"model": "auth.permission", "pk": 38, "fields": {"name": "Can change django job execution", "content_type": 10, "codename": "change_djangojobexecution"}}, {"model": "auth.permission", "pk": 39, "fields": {"name": "Can delete django job execution", "content_type": 10, "codename": "delete_djangojobexecution"}}, {"model": "auth.permission", "pk": 40, "fields": {"name": "Can view django job execution", "content_type": 10, "codename": "view_djangojobexecution"}}, {"model": "auth.permission", "pk": 41, "fields": {"name": "Can add log entry", "content_type": 11, "codename": "add_logentry"}}, {"model": "auth.permission", "pk": 42, "fields": {"name": "Can change log entry", "content_type": 11, "codename": "change_logentry"}}, {"model": "auth.permission", "pk": 43, "fields": {"name": "Can delete log entry", "content_type": 11, "codename": "delete_logentry"}}, {"model": "auth.permission", "pk": 44, "fields": {"name": "Can view log entry", "content_type": 11, "codename": "view_logentry"}}, {"model": "auth.permission", "pk": 45, "fields": {"name": "Can add permission", "content_type": 12, "codename": "add_permission"}}, {"model": "auth.permission", "pk": 46, "fields": {"name": "Can change permission", "content_type": 12, "codename": "change_permission"}}, {"model": "auth.permission", "pk": 47, "fields": {"name": "Can delete permission", "content_type": 12, "codename": "delete_permission"}}, {"model": "auth.permission", "pk": 48, "fields": {"name": "Can view permission", "content_type": 12, "codename": "view_permission"}}, {"model": "auth.permission", "pk": 49, "fields": {"name": "Can add group", "content_type": 13, "codename": "add_group"}}, {"model": "auth.permission", "pk": 50, "fields": {"name": "Can change group", "content_type": 13, "codename": "change_group"}}, {"model": "auth.permission", "pk": 51, "fields": {"name": "Can delete group", "content_type": 13, "codename": "delete_group"}}, {"model": "auth.permission", "pk": 52, "fields": {"name": "Can view group", "content_type": 13, "codename": "view_group"}}, {"model": "auth.permission", "pk": 53, "fields": {"name": "Can add content type", "content_type": 14, "codename": "add_contenttype"}}, {"model": "auth.permission", "pk": 54, "fields": {"name": "Can change content type", "content_type": 14, "codename": "change_contenttype"}}, {"model": "auth.permission", "pk": 55, "fields": {"name": "Can delete content type", "content_type": 14, "codename": "delete_contenttype"}}, {"model": "auth.permission", "pk": 56, "fields": {"name": "Can view content type", "content_type": 14, "codename": "view_contenttype"}}, {"model": "auth.permission", "pk": 57, "fields": {"name": "Can add session", "content_type": 15, "codename": "add_session"}}, {"model": "auth.permission", "pk": 58, "fields": {"name": "Can change session", "content_type": 15, "codename": "change_session"}}, {"model": "auth.permission", "pk": 59, "fields": {"name": "Can delete session", "content_type": 15, "codename": "delete_session"}}, {"model": "auth.permission", "pk": 60, "fields": {"name": "Can view session", "content_type": 15, "codename": "view_session"}}, {"model": "contenttypes.contenttype", "pk": 1, "fields": {"app_label": "movies", "model": "genre"}}, {"model": "contenttypes.contenttype", "pk": 2, "fields": {"app_label": "movies", "model": "movie"}}, {"model": "contenttypes.contenttype", "pk": 3, "fields": {"app_label": "movies", "model": "movie_like_users"}}, {"model": "contenttypes.contenttype", "pk": 4, "fields": {"app_label": "communities", "model": "review"}}, {"model": "contenttypes.contenttype", "pk": 5, "fields": {"app_label": "communities", "model": "comment"}}, {"model": "contenttypes.contenttype", "pk": 6, "fields": {"app_label": "accounts", "model": "user"}}, {"model": "contenttypes.contenttype", "pk": 7, "fields": {"app_label": "authtoken", "model": "token"}}, {"model": "contenttypes.contenttype", "pk": 8, "fields": {"app_label": "authtoken", "model": "tokenproxy"}}, {"model": "contenttypes.contenttype", "pk": 9, "fields": {"app_label": "django_apscheduler", "model": "djangojob"}}, {"model": "contenttypes.contenttype", "pk": 10, "fields": {"app_label": "django_apscheduler", "model": "djangojobexecution"}}, {"model": "contenttypes.contenttype", "pk": 11, "fields": {"app_label": "admin", "model": "logentry"}}, {"model": "contenttypes.contenttype", "pk": 12, "fields": {"app_label": "auth", "model": "permission"}}, {"model": "contenttypes.contenttype", "pk": 13, "fields": {"app_label": "auth", "model": "group"}}, {"model": "contenttypes.contenttype", "pk": 14, "fields": {"app_label": "contenttypes", "model": "contenttype"}}, {"model": "contenttypes.contenttype", "pk": 15, "fields": {"app_label": "sessions", "model": "session"}}]